id	word
0	undated
1	wow
2	maintenance
3	sequel
4	forty-nine
5	ronstadt
6	during
7	anti-crime
8	noosey
9	moron
10	regretted
11	marvin
12	banned
13	gil_gunderson:
14	belches
15	mull
16	philosophical
17	scammin'
18	raging
19	dennis_kucinich:
20	straining
21	laney_fontaine:
22	transmission
23	sanitation
24	indigenous
25	sports_announcer:
26	barflies
27	life-partner
28	ron_howard:
29	yieldin'
30	man
31	snake
32	costume's
33	stickers
34	design
35	supervising
36	opportunity
37	gives
38	donate
39	rule
40	regret
41	wild
42	gag
43	metal
44	sucks
45	drug
46	forgive
47	wudgy
48	ways
49	minors
50	shan't
51	jukebox
52	||right_parentheses_mark||
53	totalitarians
54	served
55	horrified
56	stay-puft
57	that
58	dramatic
59	liven
60	slop
61	caholic
62	fryer's
63	something's
64	dogs
65	alcohol
66	bonfire
67	surgery
68	horrible
69	judge
70	bulldozing
71	felt
72	personal
73	clown-like
74	hall
75	harrowing
76	sweet
77	gasp
78	kent_brockman:
79	power
80	lucius:
81	glum
82	limited
83	needed
84	fumigated
85	peanuts
86	made
87	jam
88	samples
89	bumblebee_man:
90	wants
91	skills
92	outs
93	clammy
94	babe
95	linin'
96	fit
97	congoleum
98	volunteer
99	touchdown
100	end
101	diminish
102	praise
103	coined
104	grabs
105	children's
106	white_rabbit:
107	sea
108	maximum
109	dice
110	tang
111	snotty
112	chain
113	owned
114	iddilies
115	pepto-bismol
116	richard:
117	noise
118	shipment
119	inquiries
120	still
121	blend
122	fbi
123	sponsoring
124	repeated
125	/
126	patrick's
127	washer
128	issuing
129	charm
130	deeply
131	picture
132	scientists
133	stalking
134	principal
135	popped
136	bleak
137	springfield
138	lowest
139	car:
140	jerking
141	brilliant
142	brother
143	homer'll
144	troll
145	cough
146	tasimeter
147	goodbye
148	age
149	hitler
150	island
151	jane
152	pleasure
153	actor
154	strawberry
155	ya
156	jumping
157	stonewall
158	regulars
159	checking
160	skinner
161	fevered
162	kramer
163	unusual
164	bourbon
165	alva
166	pine
167	we've
168	hearts
169	friendly
170	want
171	happier
172	chug-monkeys
173	goblins
174	menacing
175	exit
176	unjustly
177	weekly
178	wipes
179	allegiance
180	agreement
181	aren'tcha
182	ago
183	jacques:
184	pep
185	ripping
186	corporation
187	scatter
188	advertise
189	sucked
190	microbrew
191	sniffing
192	sternly
193	wanna
194	blaze
195	haven't
196	broken
197	ziffcorp
198	s
199	collector's
200	shirt
201	project
202	trapped
203	belly-aching
204	recorder
205	lingus
206	mid-conversation
207	specific
208	standing
209	eighty-three
210	hunting
211	horns
212	sensitivity
213	raises
214	whaddya
215	land
216	delete
217	mugs
218	baby
219	sports
220	anyhow
221	and:
222	i'd'a
223	dum-dum
224	rookie
225	splattered
226	written
227	harmony
228	falcons
229	kent
230	troy
231	south
232	youth
233	fighting
234	flash
235	hang
236	folk
237	kiss
238	three
239	butter
240	fool
241	feminine
242	grimly
243	driver
244	crooks
245	evergreen
246	drinks
247	hooray
248	shotgun
249	maman
250	saint
251	population
252	eva
253	forty
254	six-barrel
255	cricket
256	saturday
257	sending
258	halfway
259	emphasis
260	amount
261	freedom
262	eye-gouger
263	lis
264	cheered
265	reluctant
266	barney_gumble:
267	evasive
268	hot-rod
269	hollye
270	pews
271	wednesday
272	recap:
273	ditched
274	talkin'
275	endorsed
276	scram
277	help
278	wood
279	wheel
280	andrew
281	professor's
282	pulling
283	nerd
284	awwww
285	lazy
286	poetics
287	used
288	france
289	winch
290	part
291	mean
292	ore
293	searching
294	super
295	alone
296	muscle
297	noooooooooo
298	charming
299	chick
300	squeezin'
301	deals
302	wondered
303	handing
304	adventure
305	uhhhh
306	perverted
307	darkest
308	progress
309	eggshell
310	usual
311	our
312	bagged
313	repairman
314	pad
315	bull
316	reaching
317	jebediah
318	shopping
319	flew
320	arm
321	carl's
322	cherry
323	ow
324	frenchman
325	bump
326	craphole
327	travel
328	finding
329	blokes
330	natured
331	sam:
332	festival
333	destroyed
334	nbc
335	hey
336	madison
337	oh-so-sophisticated
338	young_moe:
339	breakfast
340	academy
341	almond
342	napkins
343	sketching
344	self
345	lucky
346	nation
347	term
348	sweetie
349	scruffy_blogger:
350	argue
351	attractive_woman_#2:
352	sugar-me-do
353	yuh-huh
354	them
355	warranty
356	knives
357	prove
358	trying
359	tar-paper
360	kim_basinger:
361	hillary
362	hugh
363	sad
364	life
365	purveyor
366	bachelorette
367	railroad
368	superpower
369	gosh
370	tears
371	guy's
372	with
373	enjoy
374	disaster
375	shorter
376	dislike
377	director:
378	charges
379	beer's
380	assert
381	took
382	bashir
383	yawns
384	privacy
385	sassy
386	feedbag
387	twenty-two
388	effervescent
389	ehhhhhhhhh
390	drop-off
391	ing
392	bridge
393	pepper
394	achebe
395	hmf
396	somethin':
397	portentous
398	kicks
399	marge_simpson:
400	man_with_tree_hat:
401	getcha
402	ease
403	chapter
404	mansions
405	tapered
406	surgeonnn
407	happily:
408	coherent
409	thighs
410	muttering
411	laramie
412	tape
413	excavating
414	legs
415	sport
416	gator:
417	above
418	address
419	renovations
420	entering
421	shutting
422	renee
423	disco
424	away
425	elect
426	'your
427	plastic
428	flatly
429	lock
430	kick-ass
431	bauer
432	muffled
433	bleeding
434	boat
435	beloved
436	dad
437	song
438	schabadoo
439	little_hibbert_girl:
440	access
441	greetings
442	dirty
443	maiden
444	envy-tations
445	fancy
446	goes
447	specials
448	force
449	cloudy
450	troy:
451	booze
452	nectar
453	helped
454	inherent
455	wiggle
456	started
457	barney-type
458	self-satisfied
459	treasure
460	scam
461	pickin'
462	eight-year-old
463	sat-is-fac-tion
464	five
465	pig
466	wang
467	walk
468	switched
469	dumpster
470	lady_duff:
471	i'm-so-stupid
472	chairman
473	rough
474	m
475	shut
476	glen:
477	lennyy
478	mccarthy
479	plant
480	bums
481	sales
482	man's
483	rub
484	horses
485	company
486	things
487	hundreds
488	riding
489	slick
490	fresh
491	intriguing
492	break
493	smiled
494	lumpa
495	immiggants
496	laughter
497	bolting
498	swill
499	today/
500	rat-like
501	abercrombie
502	feelin's
503	created
504	fuss
505	macbeth
506	lefty's
507	bragging
508	brassiest
509	sniper
510	interrupting
511	species
512	noticing
513	aggravazes
514	connection
515	suppose
516	anniversary
517	devils:
518	upset
519	troubles
520	dog's
521	gonna
522	grope
523	onions
524	win
525	delays
526	gin
527	hideous
528	dealie
529	phase
530	reads
531	inning
532	dint
533	flanders
534	shuts
535	worldly
536	trade
537	meaningless
538	affects
539	oak
540	explanation
541	invented
542	nuts
543	duff's
544	flynt
545	crapmore
546	hanh
547	either
548	hotline
549	fl
550	was
551	barn
552	wienerschnitzel
553	derek
554	bras
555	monster
556	quickly
557	sweetly
558	pulitzer
559	starting
560	kings
561	doy
562	only
563	brady's
564	logos
565	hoo
566	wasn't
567	kenny
568	health_inspector:
569	gary_chalmers:
570	spiritual
571	tearfully
572	donated
573	witches
574	massachusetts
575	that's
576	gesture
577	president
578	jay
579	storms
580	novel
581	bulletin
582	boston
583	urinal
584	stops
585	nineteen
586	floated
587	gestated
588	goal
589	pants
590	cheat
591	yello
592	game's
593	second
594	bathtub
595	mcstagger
596	fink
597	rag
598	habit
599	son's
600	wonder
601	peter
602	shareholder
603	figures
604	coins
605	aww
606	vermont
607	threatening
608	delivery_boy:
609	right
610	pond
611	wrapped
612	gutenberg
613	we're
614	intimacy
615	junior
616	rebuttal
617	bathroom
618	missed
619	temple
620	infatuation
621	sealed
622	name:
623	cleaner
624	fault
625	here's
626	serious
627	recommend
628	champs
629	conference
630	patrons:
631	sincerely
632	cake
633	rolls
634	toledo
635	nor
636	paris
637	yew
638	upgrade
639	schorr
640	does
641	stats
642	hungry
643	jar
644	sentimonies
645	procedure
646	unattended
647	leak
648	killer
649	pumping
650	confidentially
651	effigy
652	enter
653	nearly
654	melodramatic
655	ron
656	tank
657	straighten
658	artie_ziff:
659	turns
660	bald
661	a
662	cap
663	cheering
664	absolutely
665	hub
666	danish
667	crowded
668	nasty
669	whose
670	truth
671	slyly
672	inspired
673	cont'd:
674	passenger
675	dive
676	amanda
677	enterprising
678	beast
679	shakes
680	tells
681	bronco
682	drop
683	beggin'
684	roses
685	glummy
686	refreshing
687	my-y-y-y-y-y
688	skins
689	annual
690	car's
691	unexplained
692	s'pose
693	flowers
694	who'da
695	lotta
696	aristotle's
697	knocks
698	traffic
699	along
700	catch
701	social
702	bono
703	tanked-up
704	'morning
705	lady
706	dreamed
707	championship
708	cheaper
709	edna-lover-one-seventy-two
710	bret:
711	trip
712	parking
713	premise
714	moesy
715	is
716	notice
717	clench
718	organ
719	color
720	motel
721	sixteen
722	temper
723	nothin's
724	gimmick
725	deer
726	laws
727	contractors
728	venture
729	shove
730	livin'
731	hootie
732	mailbox
733	cashin'
734	sheriff
735	who
736	wazoo
737	annoyed
738	hated
739	pointy
740	tips
741	snappin'
742	businessman_#2:
743	defiantly
744	kids
745	burp
746	dae
747	encores
748	etc
749	quality
750	monkey
751	duffed
752	expert
753	dressing
754	zinged
755	publishers
756	guard
757	squeals
758	really
759	investor
760	awesome
761	abcs
762	disco_stu:
763	spacey
764	james
765	powers
766	gently
767	hide
768	huggenkiss
769	fair
770	10:15
771	creature
772	rat
773	payin'
774	front
775	slit
776	months
777	guide
778	products
779	african
780	'ceptin'
781	stan
782	candy
783	lousy
784	forgotten
785	messin'
786	th-th-th-the
787	proposing
788	ass
789	moe-lennium
790	felony
791	pockets
792	speed
793	coin
794	depository
795	shame
796	guts
797	outstanding
798	swatch
799	except
800	people
801	vacuum
802	someplace
803	narratin'
804	tenuous
805	territorial
806	steam
807	lovers
808	roz:
809	uh-oh
810	spine
811	thankful
812	lighten
813	beverage
814	stu
815	aims
816	infor
817	despite
818	whispered
819	/mr
820	courts
821	shares
822	depressing
823	winning
824	kodos:
825	sees/
826	doom
827	unlike
828	compete
829	ridin'
830	spaghetti-o's
831	absentminded
832	sack
833	depressin'
834	calendars
835	un-sults
836	uncreeped-out
837	dozen
838	stage
839	chic
840	impressed
841	most:
842	disgrace
843	vampires
844	reluctantly
845	though:
846	bar's
847	cell
848	coming
849	doll-baby
850	insurance
851	neanderthal
852	wouldn't
853	strips
854	asks
855	seminar
856	dean
857	shrieks
858	crossed
859	hour
860	appearance-altering
861	albert
862	by
863	credit
864	agree
865	glowers
866	sumatran
867	dr
868	puts
869	sat
870	don't
871	suave
872	arabs
873	picky
874	sink
875	booger
876	thousand-year
877	professor
878	continuum
879	augustus
880	twentieth
881	but
882	event
883	sued
884	dating
885	puke-holes
886	represents
887	gluten
888	sausage
889	gold
890	idealistic
891	dropping
892	dismissive
893	ruled
894	played
895	license
896	insist
897	thousands
898	tall
899	burt
900	cigarette
901	signal
902	goldarnit
903	saucy
904	seats
905	coney
906	blood-thirsty
907	family's
908	slender
909	pepsi
910	cuddling
911	double
912	doin'
913	creates
914	ahead
915	third
916	detail
917	law-abiding
918	grenky
919	jay:
920	michael
921	edner
922	wally
923	mirthless
924	conversations
925	joke
926	allow
927	that'd
928	ones
929	thought
930	captain
931	industry's
932	forgot
933	ya'
934	watchin'
935	half-beer
936	faded
937	hiya
938	ruint
939	re:
940	fat_in_the_hat:
941	languages
942	wishing
943	forced
944	knees
945	regulations
946	brief
947	further
948	newsweek
949	sickened
950	celebrities
951	tried
952	je
953	executive
954	grateful
955	kennedy
956	necklace
957	moolah-stealing
958	pursue
959	whoever
960	hammock
961	arts
962	perverse
963	course
964	remote
965	gr-aargh
966	bluff
967	they'll
968	wine
969	waylon_smithers:
970	names
971	truck
972	ugh
973	terrific
974	tommy
975	mostly
976	toasting
977	thing
978	jackpot-thief
979	waist
980	spent
981	learn
982	smile:
983	know
984	homer's_brain:
985	department
986	beans
987	spirit
988	st
989	button
990	fears
991	occurs
992	wraps
993	maher
994	killarney
995	tolerance
996	irishman
997	yak
998	deliberately
999	alcoholism
1000	workers
1001	throws
1002	page
1003	susie-q
1004	compadre
1005	sharity
1006	d
1007	oof
1008	of
1009	battin'
1010	tuna
1011	seven
1012	save
1013	ehhhhhh
1014	patented
1015	fulla
1016	snotball
1017	drummer
1018	fluoroscope
1019	appropriate
1020	mortal
1021	flourish
1022	neon
1023	beach
1024	moe-clone:
1025	considering:
1026	sticking
1027	bunch
1028	assassination
1029	california
1030	movement
1031	scary
1032	prayer
1033	rasputin's
1034	promotion
1035	priceless
1036	museum
1037	physical
1038	grabbing
1039	swings
1040	exclusive:
1041	excited
1042	prohibit
1043	gardens
1044	frankly
1045	angel
1046	traitor
1047	pleasant
1048	newest
1049	strategizing
1050	crony
1051	warren
1052	con
1053	think
1054	days
1055	having
1056	abolish
1057	socratic
1058	permanent
1059	muslim
1060	stool
1061	faces
1062	_kissingher:
1063	cologne
1064	bonding
1065	cheerin'
1066	beam
1067	banquo
1068	dutch
1069	stooges
1070	koji
1071	anyway
1072	dollface
1073	scratcher
1074	moe_szyslak:
1075	feat
1076	headhunters
1077	sixty-nine
1078	developed
1079	pregnancy
1080	anger
1081	recent
1082	show's
1083	fund
1084	sexy
1085	clams
1086	apulina
1087	moonnnnnnnn
1088	what-for
1089	robbers
1090	fingers
1091	victim
1092	50%
1093	small_boy:
1094	yours
1095	back
1096	hyahh
1097	rugged
1098	orifice
1099	schizophrenia
1100	city's
1101	neck
1102	crowd
1103	we'll
1104	forecast
1105	answered
1106	malabar
1107	federal
1108	fondest
1109	miss_lois_pennycandy:
1110	enemy
1111	i-i'll
1112	railroads
1113	gumbel
1114	human
1115	according
1116	flower
1117	oww
1118	reporter:
1119	winks
1120	belly
1121	indicates
1122	simp-sonnnn
1123	therapy
1124	romance
1125	linda
1126	watashi
1127	barbara
1128	cooker
1129	skunk
1130	games'd
1131	pouring
1132	ugliness
1133	instantly
1134	soul-crushing
1135	clothespins
1136	hole'
1137	slugger
1138	crime
1139	starla:
1140	beat
1141	whistles
1142	alfred
1143	sarcastic
1144	chief
1145	go-near-
1146	prize
1147	scum
1148	canyonero
1149	meant
1150	amber
1151	crinkly
1152	mimes
1153	zoomed
1154	peace
1155	rock
1156	distraught
1157	beached
1158	schemes
1159	seeing
1160	each
1161	stores
1162	fifty
1163	carlotta:
1164	don
1165	shores
1166	snake-handler
1167	kickoff
1168	dingy
1169	arrange
1170	racially-diverse
1171	polish
1172	football
1173	gimme
1174	changing
1175	cecil_terwilliger:
1176	quarry
1177	working
1178	horror
1179	harv:
1180	kermit
1181	optimistic
1182	sudden
1183	togetherness
1184	bowl
1185	corkscrew
1186	holidays
1187	wishful
1188	upn
1189	weather
1190	thrown
1191	trail
1192	team
1193	morning
1194	dude
1195	grain
1196	y-you
1197	amends
1198	thru
1199	ball's
1200	pushing
1201	monkeyshines
1202	salt
1203	actors
1204	commission
1205	correct
1206	view
1207	appear
1208	register
1209	guinea
1210	sneaky
1211	dress
1212	enough
1213	presentable
1214	al
1215	secret
1216	brawled
1217	fica
1218	liberty's
1219	amazed
1220	neat's-foot
1221	cauliflower
1222	soaking
1223	neighborhood
1224	radio
1225	cameras
1226	scratching
1227	eaten
1228	today
1229	jig
1230	officer
1231	sometimes
1232	farewell
1233	rods
1234	electronic
1235	full
1236	dreams
1237	marshmallow
1238	stepped
1239	wade_boggs:
1240	jaegermeister
1241	k
1242	ashamed
1243	approval
1244	flames
1245	media
1246	life-sized
1247	dad's
1248	date
1249	bum:
1250	way
1251	excellent
1252	stayed
1253	memories
1254	nail
1255	remain
1256	goodwill
1257	shreda
1258	barflies:
1259	theatrical
1260	awe
1261	tryin'
1262	list
1263	chocolate
1264	head-gunk
1265	mayor_joe_quimby:
1266	runners
1267	musketeers
1268	tony's
1269	vegas
1270	meet
1271	monday
1272	woman:
1273	caught
1274	ask
1275	bulked
1276	intelligent
1277	hole
1278	woozy
1279	plane
1280	domed
1281	offa
1282	masks
1283	patting
1284	announcer:
1285	shifty
1286	newly-published
1287	we'd
1288	fast-paced
1289	generous
1290	tornado
1291	be
1292	chastity
1293	pitch
1294	exciting
1295	unkempt
1296	fold
1297	lindsay
1298	lurleen
1299	sky
1300	queen's
1301	punk
1302	take-back
1303	grampa
1304	welcome
1305	griffith
1306	fat_tony:
1307	dancing
1308	adjust
1309	salvation
1310	throat
1311	los
1312	peach
1313	world
1314	standards
1315	harvard
1316	tootin'
1317	u
1318	confident
1319	70
1320	jokes
1321	forget
1322	realize
1323	sudoku
1324	dory
1325	who's
1326	stealings
1327	shoo
1328	premiering
1329	cutie
1330	watch
1331	woodchucks
1332	understood:
1333	c
1334	spend
1335	pressure's
1336	doooown
1337	badly
1338	chance
1339	nervous
1340	hail
1341	agency
1342	sets
1343	benefits
1344	chateau
1345	knowledge
1346	afford
1347	mention
1348	outlook
1349	bounced
1350	shot
1351	friend
1352	restless
1353	beaumarchais
1354	every
1355	four-star
1356	payback
1357	war
1358	doof
1359	kissed
1360	spellbinding
1361	ragtime
1362	kidney
1363	massive
1364	cheapskates
1365	drexel's
1366	embarrassing
1367	depressant
1368	flack
1369	wound
1370	starve
1371	lump
1372	cushion
1373	atlanta
1374	lucinda
1375	money
1376	easily
1377	prefer
1378	rig
1379	imagine
1380	askin'
1381	forty-five
1382	mccall
1383	push
1384	known
1385	towed
1386	alter
1387	delivery_man:
1388	street
1389	solves
1390	wear
1391	lighter
1392	crippling
1393	now's
1394	homer_doubles:
1395	junebug
1396	sodas
1397	tree
1398	encore
1399	sap
1400	ashtray
1401	octa-
1402	drawing
1403	camera
1404	item
1405	blown
1406	sacrifice
1407	bucket
1408	quite
1409	neither
1410	ohhhh
1411	pal
1412	beer-jerks
1413	town
1414	changes
1415	hate-hugs
1416	blubberino
1417	laughs
1418	laugh
1419	kansas
1420	ruuuule
1421	firm
1422	declare
1423	bushes
1424	monroe's
1425	flash-fry
1426	if
1427	menace
1428	beady
1429	popular
1430	playhouse
1431	tv_wife:
1432	gets
1433	avalanche
1434	u2:
1435	old_jewish_man:
1436	daniel
1437	uninhibited
1438	disgracefully
1439	jobless
1440	son-of-a
1441	stools
1442	propose
1443	marquee
1444	drollery
1445	fdic
1446	larry:
1447	planned
1448	fonda
1449	patriotic
1450	hooch
1451	planted
1452	showin'
1453	investment
1454	heavens
1455	marge
1456	listens
1457	owns
1458	hasn't
1459	shootin'
1460	rent
1461	serum
1462	politics
1463	corkscrews
1464	ivory
1465	wrecking
1466	xanders
1467	urge
1468	ball
1469	talkers
1470	process
1471	moon-bounce
1472	'kay-zugg'
1473	should
1474	sobo
1475	voters
1476	woman_bystander:
1477	jewelry
1478	unbelievably
1479	were
1480	activity
1481	remaining
1482	hooked
1483	wooooo
1484	irish
1485	paste
1486	so
1487	god
1488	exhale
1489	binoculars
1490	gambler
1491	weary
1492	smell
1493	squeal
1494	wildfever
1495	t-shirt
1496	high-falutin'
1497	busiest
1498	crisis
1499	illustrates
1500	mm-hmm
1501	century
1502	ocean
1503	hunky
1504	lenny_leonard:
1505	richard
1506	bitterly
1507	caper
1508	enemies
1509	roach
1510	lookalike
1511	overturned
1512	wage
1513	e
1514	mmmm
1515	married
1516	preparation
1517	statesmanlike
1518	stocking
1519	edge
1520	kirk_van_houten:
1521	violations
1522	expensive
1523	backward
1524	buyer
1525	jägermeister
1526	straight
1527	unsafe
1528	jackson
1529	drown
1530	reaction
1531	jackpot's
1532	stein-stengel-
1533	arab_man:
1534	you'd
1535	perfume
1536	tv
1537	enthusiastically
1538	hyper-credits
1539	hemorrhage-amundo
1540	an
1541	hits
1542	grand
1543	sound
1544	ninety-nine
1545	embarrassed
1546	jets
1547	vulgar
1548	peaked
1549	ringing
1550	your
1551	means
1552	indifferent
1553	certified
1554	lone
1555	ointment
1556	mt
1557	miracle
1558	lenny:
1559	spews
1560	wisconsin
1561	clinton
1562	iran
1563	international
1564	kind
1565	hawaii
1566	slow
1567	hugh:
1568	wouldn't-a
1569	aisle
1570	yard
1571	bottle
1572	results
1573	language
1574	revenge
1575	behavior
1576	boxcar
1577	priority
1578	losing
1579	hardhat
1580	extreme
1581	uneasy
1582	over
1583	sittin'
1584	happiness
1585	urban
1586	load
1587	boxers
1588	cakes
1589	bitter
1590	causes
1591	continuing
1592	usually
1593	lie
1594	audience:
1595	undermine
1596	late
1597	man:
1598	pour
1599	gone
1600	grandkids
1601	cruel
1602	perhaps
1603	utensils
1604	accelerating
1605	offer
1606	numeral
1607	voted
1608	rainforest
1609	banquet
1610	didn't
1611	reconsidering
1612	witty
1613	chinua
1614	gangrene
1615	grandiose
1616	eyeball
1617	tummies
1618	frat
1619	reminded
1620	publish
1621	plus
1622	hawking:
1623	hose
1624	fun
1625	diablo
1626	again
1627	stamps
1628	authorized
1629	stir
1630	retired
1631	lend
1632	alpha-crow
1633	glen
1634	whoo
1635	bash
1636	vin
1637	pile
1638	twice
1639	y'money's
1640	bedroom
1641	first
1642	hollowed-out
1643	believer
1644	year's
1645	elmo's
1646	writing
1647	bunion
1648	grind
1649	sincere
1650	wonderful
1651	slipped
1652	assume
1653	undies
1654	cozy
1655	expired
1656	cooler
1657	counter
1658	swine
1659	wipe
1660	partly
1661	drivers
1662	suddenly
1663	poem
1664	break-up
1665	voodoo
1666	marry
1667	toward
1668	rusty
1669	self-centered
1670	handed
1671	parrot
1672	goo
1673	achem
1674	sheet
1675	dea-d-d-dead
1676	acting
1677	marjorie
1678	hydrant
1679	knife
1680	stares
1681	jukebox_record:
1682	given
1683	great
1684	calvin
1685	court
1686	favor
1687	gabriel
1688	culkin
1689	germans
1690	dump
1691	lucius
1692	near
1693	spending
1694	control
1695	evils
1696	tha
1697	america
1698	stingy
1699	few
1700	college
1701	corner
1702	five-fifteen
1703	sweden
1704	soot
1705	mirror
1706	na
1707	hushed
1708	drank
1709	guilt
1710	eternity
1711	w
1712	panties
1713	breaking
1714	gun
1715	pick
1716	el
1717	present
1718	tastes
1719	shows
1720	pain
1721	sly
1722	comic_book_guy:
1723	restroom
1724	leg
1725	cruiser
1726	angry
1727	collette:
1728	carnival
1729	barf
1730	patty
1731	apartment
1732	both
1733	democrats
1734	decent
1735	give
1736	summer
1737	surprise
1738	football_announcer:
1739	till
1740	cab_driver:
1741	flea:
1742	cell-ee
1743	tire
1744	seem
1745	kick
1746	are
1747	illegal
1748	nine
1749	reach
1750	roy
1751	prettiest
1752	darkness
1753	onion
1754	madonna
1755	gus
1756	road
1757	arrived
1758	flashbacks
1759	copy
1760	mona_simpson:
1761	he's
1762	richer
1763	tight
1764	confused
1765	singers:
1766	grade
1767	dynamite
1768	tabooger
1769	million
1770	resolution
1771	buffalo's
1772	soothing
1773	favorite
1774	acquitted
1775	wonderin'
1776	pretend
1777	warmly
1778	awkward
1779	fuhgetaboutit
1780	spitting
1781	charged
1782	tv_daughter:
1783	tear
1784	cookies
1785	decide
1786	suspenders
1787	jockey
1788	neighbor's
1789	brought
1790	ribbon
1791	naked
1792	bible
1793	conclude
1794	cockroaches
1795	winded
1796	government
1797	stadium
1798	poster
1799	add
1800	pleased
1801	chunky
1802	selective
1803	boyhood
1804	super-nice
1805	done
1806	ratio
1807	man_at_bar:
1808	coat
1809	pub
1810	conditioners
1811	bettin'
1812	everybody
1813	important
1814	whiny
1815	darjeeling
1816	line
1817	nixon's
1818	talked
1819	rome
1820	horrors
1821	half-back
1822	schmoe
1823	b-day
1824	glad
1825	casual
1826	signed
1827	mcclure
1828	arms
1829	butt
1830	minimum
1831	nucular
1832	sugar
1833	tow
1834	rhode
1835	field
1836	daughter's
1837	spanish
1838	looooooooooooooooooong
1839	nothing
1840	carll
1841	sleeps
1842	presidential
1843	nagurski
1844	poisoning
1845	years
1846	hello
1847	waste
1848	reentering
1849	awful
1850	emotion
1851	left
1852	fine
1853	smells
1854	tab's
1855	edna's
1856	confidential
1857	robot
1858	ironic
1859	occupancy
1860	american
1861	crayon
1862	buzziness
1863	wolverines
1864	braun:
1865	bumbling
1866	exact
1867	sacajawea
1868	ooh
1869	admit
1870	declan
1871	ling
1872	housework
1873	wars
1874	summer's
1875	rather
1876	literature
1877	hah
1878	jogging
1879	fever
1880	resigned
1881	wrestling
1882	intrigued
1883	pre-columbian
1884	won't
1885	windex
1886	season
1887	aerospace
1888	dentist
1889	crowbar
1890	piling
1891	musical
1892	morose
1893	thawing
1894	thoughtfully
1895	stored
1896	midge
1897	author
1898	puffy
1899	rip
1900	wiping
1901	bart'd
1902	moe's_thoughts:
1903	rasputin
1904	wide
1905	agnes_skinner:
1906	committee
1907	helpless
1908	hare-brained
1909	indeed
1910	christmas
1911	mock-up
1912	f
1913	hero-phobia
1914	jubilant
1915	furry
1916	grave
1917	teeth
1918	taunting
1919	notorious
1920	tentative
1921	male_singers:
1922	wasting
1923	ducked
1924	liquor
1925	crappy
1926	unavailable
1927	sinister
1928	bride
1929	o'reilly
1930	mahatma
1931	fayed
1932	hans:
1933	else
1934	terrorizing
1935	presently
1936	came
1937	start
1938	studied
1939	possessions
1940	rutabaga
1941	painting
1942	sandwich
1943	would
1944	blossoming
1945	vance
1946	memory
1947	gals
1948	chin
1949	fix
1950	sideshow_mel:
1951	pall
1952	watt
1953	group
1954	wise
1955	darts
1956	slip
1957	make:
1958	killjoy
1959	3
1960	pharmaceutical
1961	gregor
1962	chase
1963	floor
1964	housewife
1965	um
1966	miss
1967	homer's
1968	pledge
1969	ballot
1970	grub
1971	options
1972	appreciated
1973	local
1974	sympathizer
1975	riveting
1976	pushes
1977	minute
1978	off
1979	polishing
1980	choice
1981	plug
1982	shocked
1983	cosmetics
1984	drunks
1985	smurfs
1986	puke-pail
1987	lincoln
1988	people's
1989	dang
1990	blessing
1991	spilled
1992	democracy
1993	tonight's
1994	hotenhoffer
1995	heavyset
1996	lady-free
1997	alarm
1998	assistant
1999	unfair
2000	john
2001	guy
2002	seymour
2003	passion
2004	ironed
2005	radioactive
2006	widow
2007	williams
2008	paints
2009	scornful
2010	said:
2011	father's
2012	hounds
2013	comedy
2014	chauffeur:
2015	other_book_club_member:
2016	fortune
2017	matter-of-fact
2018	allowance
2019	eighty-five
2020	store
2021	idiots
2022	typed
2023	grammy
2024	pip
2025	playful
2026	nailed
2027	twenty
2028	kidding
2029	eightball
2030	kills
2031	mystery
2032	beautiful
2033	trusted
2034	sticking-place
2035	mate
2036	limericks
2037	lost
2038	brandy
2039	dinks
2040	terminated
2041	cowboy
2042	country
2043	certain
2044	shells
2045	toe
2046	unfamiliar
2047	delighted
2048	stinky
2049	smile
2050	considers
2051	enlightened
2052	makin'
2053	brick
2054	designer
2055	tv'll
2056	africanized
2057	warmth
2058	dollar
2059	macaulay
2060	hold
2061	circus
2062	though
2063	test-lady
2064	screw
2065	cockroach
2066	looser
2067	ooo
2068	talking
2069	singing
2070	founded
2071	wordloaf
2072	considering
2073	enhance
2074	pajamas
2075	whenever
2076	yesterday's
2077	grumbling
2078	joe
2079	klown
2080	kyoto
2081	selfish
2082	flashing
2083	spouses
2084	goin'
2085	catholic
2086	mike
2087	wrestle
2088	moe-clone
2089	pas
2090	computer_voice_2:
2091	supermarket
2092	yea
2093	pointed
2094	checks
2095	yup
2096	chilly
2097	flailing
2098	what're
2099	shock
2100	none
2101	solely
2102	nudge
2103	fixed
2104	stirrers
2105	slurred
2106	manchego
2107	1989]
2108	rude
2109	scrape
2110	entertainer
2111	halvsies
2112	looting
2113	special
2114	belong
2115	crawl
2116	slurps
2117	the_rich_texan:
2118	homer
2119	oopsie
2120	waitin'
2121	ice
2122	bart_simpson:
2123	bam
2124	howya
2125	boy's
2126	east
2127	quitcher
2128	vote
2129	coaster's
2130	earth
2131	fleabag
2132	medicine
2133	sinkhole
2134	stiffening
2135	sec_agent_#1:
2136	diamond
2137	operation
2138	shaky
2139	taking
2140	murphy's
2141	golf
2142	marge's
2143	hanging
2144	closed
2145	because
2146	smoker
2147	nope
2148	crying
2149	duty
2150	soaps
2151	phrase
2152	reopen
2153	bubbles-in-my-nose-y
2154	bites
2155	de
2156	complicated
2157	refill
2158	bliss
2159	sadly
2160	compels
2161	somebody
2162	composite
2163	eyes
2164	perfected
2165	mater
2166	another
2167	yourselves
2168	rounds
2169	koholic
2170	pillows
2171	kisses
2172	willing
2173	scrutinizing
2174	against
2175	tee
2176	pennies
2177	twenty-nine
2178	carolina
2179	tabs
2180	thoughtful
2181	flanders:
2182	kool
2183	begin
2184	duff
2185	town's
2186	splendid
2187	gay
2188	she'd
2189	pinball
2190	brockman's
2191	ton
2192	peeping
2193	glorious
2194	bright
2195	twenty-six
2196	wings
2197	cup
2198	eleven
2199	vulnerable
2200	diet
2201	jerky
2202	_montgomery_burns:
2203	fridge
2204	professor_jonathan_frink:
2205	moonshine
2206	spreads
2207	wheels
2208	joined
2209	then:
2210	easier
2211	lisa
2212	afternoon
2213	karaoke
2214	sanctuary
2215	springfield's
2216	shindig
2217	aggravated
2218	manager
2219	burning
2220	cares
2221	slobs
2222	wake
2223	correction
2224	furiously
2225	emotional
2226	accepting
2227	hops
2228	tellin'
2229	brain
2230	finger
2231	although
2232	sweat
2233	politician
2234	feminist
2235	k-zug
2236	carefully
2237	souvenir
2238	krabappel
2239	grace
2240	leprechaun
2241	typing
2242	cheated
2243	hope
2244	pre-game
2245	wha
2246	diddilies
2247	card
2248	ghouls
2249	attracted
2250	wildest
2251	she's
2252	sounded
2253	managing
2254	fox_mulder:
2255	tomorrow's
2256	sweater
2257	steel
2258	bret
2259	freaking
2260	cerebral
2261	paparazzo
2262	tow-joes
2263	direction
2264	law
2265	breath
2266	manfred
2267	broken:
2268	word
2269	porn
2270	follow
2271	precious
2272	usin'
2273	coy
2274	father
2275	effect
2276	contest
2277	militia
2278	linda_ronstadt:
2279	drivin'
2280	agents
2281	unforgettable
2282	stern
2283	remains
2284	inches
2285	toilet
2286	putty
2287	ratted
2288	calling
2289	reasons
2290	holding
2291	ech
2292	bury
2293	number
2294	intoxicated
2295	terror
2296	obsessive-compulsive
2297	thing's
2298	jolly
2299	heaven
2300	panicked
2301	lemme
2302	walked
2303	lovely
2304	chest
2305	painted
2306	larson
2307	play
2308	crazy
2309	whether
2310	idioms
2311	bees
2312	life:
2313	house
2314	broncos
2315	chips
2316	ambrose
2317	answers
2318	reciting
2319	dumbest
2320	pronounce
2321	suds
2322	secret's
2323	loneliness
2324	thomas
2325	seat
2326	bastard
2327	pizza
2328	treehouse
2329	refreshingness
2330	alma
2331	period
2332	rap
2333	predictable
2334	twelve-step
2335	wallet's
2336	beaumont
2337	dungeon
2338	drives
2339	afraid
2340	mobile
2341	ding-a-ding-ding-a-ding-ding
2342	beard
2343	lift
2344	duff_announcer:
2345	||return_mark||
2346	gear-head
2347	system
2348	bust
2349	weapon
2350	jovial
2351	arimasen
2352	gal
2353	use
2354	being
2355	liability
2356	drunkenly
2357	become
2358	pusillanimous
2359	ginger
2360	six
2361	damage
2362	desperately
2363	christian
2364	dryer
2365	arise
2366	rem
2367	children
2368	button-pusher
2369	fiiiiile
2370	earlier
2371	louse
2372	lover
2373	hadn't
2374	proper
2375	sounds
2376	scooter
2377	listenin'
2378	comeback
2379	à
2380	sleigh-horses
2381	squad
2382	twin
2383	satisfaction
2384	turning
2385	fontaine
2386	harvey
2387	extinguishers
2388	yee-ha
2389	specializes
2390	fellow
2391	saving
2392	star
2393	washed
2394	walther_hotenhoffer:
2395	whip
2396	attractive_woman_#1:
2397	can't
2398	all
2399	maitre
2400	bones
2401	pickles
2402	tobacky
2403	large
2404	shoots
2405	startup
2406	dolph's_dad:
2407	distributor
2408	gargoyles
2409	thorn
2410	bags
2411	deserve
2412	online
2413	whole
2414	synthesize
2415	chinese_restaurateur:
2416	midnight
2417	store-bought
2418	wounds
2419	ideas
2420	french
2421	mind-numbing
2422	network
2423	priest
2424	generally
2425	merchants
2426	ohmygod
2427	peppy
2428	scarf
2429	juice
2430	transfer
2431	heart-broken
2432	while
2433	sagacity
2434	somehow
2435	european
2436	occasional
2437	rivalry
2438	admiring
2439	veteran
2440	junkyard
2441	thousand
2442	journey
2443	corporate
2444	in-in-in
2445	santa
2446	shaking
2447	glasses
2448	cyrano
2449	easy-going
2450	andalay
2451	discriminate
2452	quadruple-sec
2453	certificate
2454	trolls
2455	crushed
2456	soap
2457	jump
2458	saying
2459	pressure
2460	reliable
2461	ripcord
2462	thirty-nine
2463	under
2464	combine
2465	charlie:
2466	encouraged
2467	bathed
2468	honest
2469	mother's
2470	combination
2471	restaurants
2472	reed
2473	shoulders
2474	pawed
2475	crab
2476	lonely
2477	hostages
2478	creme
2479	jailbird
2480	spot
2481	anarchy
2482	nuked
2483	nursemaid
2484	traitors
2485	it'll
2486	queen
2487	bigger
2488	smokin'
2489	busy
2490	disillusioned
2491	post-suicide
2492	pretzel
2493	fainted
2494	pancakes
2495	:
2496	became
2497	reckless
2498	blow
2499	protecting
2500	virtual
2501	healthier
2502	bottom
2503	helllp
2504	shesh
2505	35
2506	mop
2507	temp
2508	occupied
2509	ran
2510	hourly
2511	incredible
2512	juan
2513	carb
2514	drawer
2515	dark
2516	gums
2517	hearse
2518	mumbling
2519	answering
2520	bridges
2521	tapping
2522	joy
2523	starts
2524	landfill
2525	hands
2526	simultaneous
2527	dateline:
2528	source
2529	model
2530	freely
2531	'cept
2532	could
2533	drains
2534	doreen
2535	fact
2536	gator
2537	brightening
2538	longer
2539	most
2540	home
2541	or
2542	has
2543	result
2544	juke
2545	milks
2546	maya:
2547	cat
2548	sistine
2549	excuse
2550	pugilist
2551	sick
2552	without:
2553	eventually
2554	rainier_wolfcastle:
2555	pre-recorded
2556	mayan
2557	do
2558	wheeeee
2559	windelle
2560	kucinich
2561	willy
2562	nasa
2563	sitting
2564	free
2565	basement
2566	tokens
2567	non-american
2568	tatum'll
2569	various
2570	betrayed
2571	lofty
2572	hygienically
2573	tragedy
2574	tree's
2575	peeved
2576	legs:
2577	earpiece
2578	shelf
2579	young_homer:
2580	tickets
2581	lights
2582	1-800-555-hugs
2583	closet
2584	tanking
2585	as
2586	gang
2587	tofu
2588	hangs
2589	cards
2590	hardwood
2591	offensive
2592	conversation
2593	cocoa
2594	taxes
2595	rubs
2596	ruby-studded
2597	reached
2598	latin
2599	testing
2600	indignant
2601	sass
2602	churchy
2603	contemplated
2604	higher
2605	today's
2606	nickels
2607	mint
2608	grab
2609	hero
2610	other's
2611	||period_mark||
2612	amused
2613	sangre
2614	generosity
2615	swooning
2616	fritz:
2617	heh
2618	race
2619	eighty-seven
2620	admitting
2621	homer_simpson:
2622	belts
2623	chum
2624	d'
2625	lush
2626	haircuts
2627	wave
2628	stays
2629	comes
2630	dictator
2631	settles
2632	newsletter
2633	countin'
2634	stevie
2635	sell
2636	inside
2637	restaurant
2638	friday
2639	ruin
2640	starla
2641	silence
2642	prizefighters
2643	knit
2644	dumb-asses
2645	lap
2646	biggest
2647	own
2648	two
2649	barely
2650	lard
2651	c'mon
2652	school
2653	comin'
2654	balls
2655	roomy
2656	choose
2657	atari
2658	remembers
2659	shoot
2660	terrifying
2661	insulin
2662	vengeful
2663	shooting
2664	half
2665	crowd:
2666	voice:
2667	shoulder
2668	its
2669	carlson
2670	pure
2671	fine-lookin'
2672	piece
2673	wait
2674	drunk
2675	located
2676	frightened
2677	living
2678	heat's
2679	doors
2680	manjula
2681	cranberry
2682	toss
2683	churchill
2684	spinning
2685	around
2686	billboard
2687	yells
2688	rump
2689	hotel
2690	religious
2691	canyoner-oooo
2692	tough
2693	thanks
2694	mckinley
2695	sobriety
2696	brains
2697	drinkin'
2698	am
2699	dame
2700	tap
2701	impress
2702	flying
2703	daughter
2704	clientele
2705	wish
2706	backgammon
2707	moans
2708	shower
2709	vestigial
2710	harv
2711	bindle
2712	mission
2713	disturbance
2714	gulliver_dark:
2715	frog
2716	sen
2717	life's
2718	doug:
2719	throats
2720	dinner
2721	into
2722	effervescence
2723	patterns
2724	sob
2725	menlo
2726	normals
2727	fake
2728	all-star
2729	wing
2730	exploiter
2731	best
2732	consulting
2733	drag
2734	also
2735	quarter
2736	wire
2737	worldview
2738	shrugging
2739	uniforms
2740	yourse
2741	tigers
2742	brockman
2743	aah
2744	shouldn't
2745	doppler
2746	hook
2747	all-american
2748	bein'
2749	plenty
2750	iranian
2751	counterfeit
2752	product
2753	pretzels
2754	faint
2755	stomach
2756	blowfish
2757	release
2758	nantucket
2759	unrelated
2760	express
2761	leave
2762	seymour_skinner:
2763	tatum
2764	finally
2765	syndicate
2766	eaters
2767	society
2768	writers
2769	installed
2770	edison
2771	couldn't
2772	||dash_mark||
2773	banks
2774	set
2775	feed
2776	handwriting
2777	easygoing
2778	cleaned
2779	szyslak
2780	hostile
2781	scare
2782	shoulda
2783	hibachi
2784	games
2785	courteous
2786	moe-near-now
2787	alky
2788	charter
2789	calculate
2790	happened
2791	stones
2792	compliment
2793	blamed
2794	wait'll
2795	sister
2796	open-casket
2797	sponge
2798	tune
2799	i/you
2800	feeling
2801	ticks
2802	center
2803	aged_moe:
2804	portuguese
2805	wore
2806	germs
2807	broadway
2808	good
2809	annie
2810	infestation
2811	nahasapeemapetilon
2812	selma
2813	afloat
2814	smiles
2815	edgy
2816	television
2817	neighbors
2818	rustlin'
2819	remorseful
2820	and/or
2821	players
2822	stolen
2823	robbin'
2824	latour
2825	snorts
2826	sooo
2827	depressed
2828	nonchalantly
2829	kneeling
2830	mafia
2831	fish
2832	women
2833	overstressed
2834	noose
2835	whim
2836	beep
2837	mither
2838	part-time
2839	beeps
2840	female_inspector:
2841	once
2842	floating
2843	actually
2844	hmm
2845	probably
2846	calls
2847	shelbyville
2848	conspiracy
2849	motorcycle
2850	very
2851	clapping
2852	distance
2853	skoal
2854	planet
2855	where's
2856	stood
2857	low-blow
2858	slim
2859	unintelligent
2860	tester's
2861	wizard
2862	breaks
2863	we-we-we
2864	problemo
2865	waitress
2866	survive
2867	seein'
2868	triumphantly
2869	cries
2870	debonair
2871	carny:
2872	unusually
2873	when's
2874	hateful
2875	saved
2876	bedridden
2877	badmouths
2878	suspiciously
2879	shout
2880	tin
2881	flayvin
2882	anymore
2883	modest
2884	spender
2885	writer:
2886	night-crawlers
2887	since
2888	making
2889	taken
2890	dearest
2891	suits
2892	opens
2893	stagy
2894	gifts
2895	gamble
2896	air
2897	virile
2898	lessons
2899	isotopes
2900	david
2901	his
2902	reading
2903	necessary
2904	baloney
2905	runaway
2906	newspaper
2907	bike
2908	awake
2909	jasper_beardly:
2910	twenty-five
2911	's
2912	improved
2913	trash
2914	hammer
2915	awfully
2916	respect
2917	jay_leno:
2918	blade
2919	firmly
2920	ees
2921	hates
2922	divine
2923	idea
2924	foot
2925	reflected
2926	string
2927	vacation
2928	musta
2929	suspect
2930	surprised/thrilled
2931	feelings
2932	told
2933	thrilled
2934	anthony_kiedis:
2935	strictly
2936	jerk
2937	ungrateful
2938	something:
2939	thirty
2940	changin'
2941	outlive
2942	'roids
2943	especially
2944	mozzarella
2945	yell
2946	you
2947	met
2948	wolfe
2949	nitwit
2950	down
2951	'cause
2952	reasonable
2953	bow
2954	slice
2955	fixes
2956	slapped
2957	lying
2958	forty-two
2959	p-k
2960	huh
2961	life-threatening
2962	tuborg
2963	ventriloquism
2964	asleep
2965	chicks
2966	drinking:
2967	losers
2968	relieved
2969	neighboreeno
2970	whirlybird
2971	chosen
2972	modestly
2973	digging
2974	cheese
2975	simplest
2976	confession
2977	teams
2978	may
2979	calf's
2980	befouled
2981	crowned
2982	outta
2983	accent
2984	recall
2985	platinum
2986	after
2987	hardy
2988	1979
2989	playing
2990	verticality
2991	stamp
2992	dimly
2993	_powers:
2994	initially
2995	pass
2996	closes
2997	tow-talitarian
2998	leaving
2999	supreme
3000	clubs
3001	offshoot
3002	cajun
3003	public
3004	new_health_inspector:
3005	demo
3006	navy
3007	compared
3008	continued
3009	souped
3010	gruesome
3011	otherwise
3012	x
3013	furious
3014	whistling
3015	sloe
3016	delightfully
3017	tree_hoper:
3018	less
3019	point
3020	other_player:
3021	crayola
3022	odor
3023	here
3024	o'
3025	homeless
3026	deep
3027	artist
3028	test-
3029	getting
3030	thing:
3031	spotting
3032	hitchhike
3033	we
3034	diaper
3035	should've
3036	however
3037	jail
3038	puff
3039	delicate
3040	minister
3041	entire
3042	sign
3043	rats
3044	a-b-
3045	getting'
3046	van
3047	brings
3048	urine
3049	wins
3050	expecting
3051	band
3052	lifestyle
3053	happily
3054	haws
3055	illegally
3056	wistful
3057	wall
3058	serve
3059	boxer
3060	pantry
3061	combines
3062	pool
3063	handshake
3064	bowled
3065	düffenbraus
3066	hurt
3067	'im
3068	jacques
3069	thanksgiving
3070	onassis
3071	game
3072	bartender
3073	read:
3074	must've
3075	sun
3076	guest
3077	simple
3078	until
3079	dennis
3080	pian-ee
3081	accurate
3082	those
3083	jernt
3084	lowering
3085	comforting
3086	girls
3087	southern
3088	cheerier
3089	dramatically
3090	percent
3091	forgets
3092	jacksons
3093	pyramid
3094	proof
3095	pilsner-pusher
3096	anyhoo
3097	miles
3098	21
3099	elaborate
3100	ha
3101	soul
3102	insightful
3103	r
3104	bless
3105	brewed
3106	lied
3107	denver
3108	odd
3109	ivana
3110	device
3111	yee-haw
3112	count
3113	voyager
3114	across
3115	lookalike:
3116	ho-la
3117	dropped
3118	kl5-4796
3119	sex
3120	stinkin'
3121	directions
3122	exchanged
3123	burns
3124	creeps
3125	underwear
3126	moments
3127	frink
3128	upon
3129	mac-who
3130	gargoyle
3131	ceremony
3132	triangle
3133	hm
3134	eyesore
3135	weeks
3136	rummy
3137	shaken
3138	unlocked
3139	giving
3140	buddy
3141	barber
3142	oh-ho
3143	homers
3144	choking
3145	girlfriend
3146	bubbles
3147	semi-imported
3148	disapproving
3149	pretends
3150	playin'
3151	you-need-man
3152	geyser
3153	running
3154	duffman:
3155	flat
3156	rhyme
3157	ignorance
3158	stealin'
3159	cappuccino
3160	bee
3161	lou:
3162	lib
3163	expect
3164	literary
3165	school's
3166	cool
3167	turn
3168	cutting
3169	principles
3170	costume
3171	astrid
3172	rotten
3173	garbage
3174	fondly
3175	sickens
3176	ah
3177	past
3178	heard
3179	eco-fraud
3180	sunk
3181	blue
3182	uncle
3183	eddie:
3184	murmur
3185	lord
3186	ura
3187	provide
3188	prayers
3189	rob
3190	7-year-old_brockman:
3191	benjamin:
3192	pope
3193	doesn't
3194	prep
3195	quiet
3196	cute
3197	awkwardly
3198	phlegm
3199	title
3200	ultimate
3201	interested
3202	kiddin'
3203	missing
3204	picked
3205	bears
3206	mural
3207	stuck
3208	bidet
3209	trivia
3210	spite
3211	listened
3212	experienced
3213	other
3214	bupkus
3215	childless
3216	manuel
3217	offense
3218	snail
3219	shop
3220	change
3221	huddle
3222	choice:
3223	pack
3224	prices
3225	often
3226	number's
3227	pets
3228	equivalent
3229	crow
3230	dateline
3231	waterfront
3232	damned
3233	harm
3234	one-hour
3235	kegs
3236	unsourced
3237	beers
3238	generously
3239	multi-national
3240	nein
3241	einstein
3242	thunder
3243	you'll
3244	numbers
3245	crack
3246	spoon
3247	matter
3248	billingsley
3249	any
3250	fireworks
3251	accusing
3252	spelling
3253	tie
3254	intense
3255	speakin'
3256	hafta
3257	slogan
3258	leonard
3259	flexible
3260	trainers
3261	officials
3262	au
3263	mmm-hmm
3264	babar
3265	skirt
3266	insensitive
3267	seriously
3268	larry
3269	refresh
3270	hairs
3271	suru
3272	4x4
3273	sits
3274	'round
3275	male_inspector:
3276	exited
3277	grubby
3278	high
3279	worst
3280	rug
3281	twins
3282	dexterous
3283	dregs
3284	words
3285	depression
3286	beginning
3287	scoffs
3288	motor
3289	suspicious
3290	scream
3291	ferry
3292	pigs
3293	refinanced
3294	young_barfly:
3295	car
3296	ground
3297	random
3298	mecca's
3299	puzzled
3300	jeez
3301	icelandic
3302	cases
3303	happy
3304	visas
3305	scores
3306	mixed
3307	baritone
3308	ehhh
3309	it's
3310	o'problem
3311	jack_larson:
3312	wearing
3313	yoo
3314	much
3315	he'll
3316	sketch
3317	washouts
3318	mob
3319	wieners
3320	anybody
3321	sadistic_barfly:
3322	easy
3323	seemed
3324	mock
3325	wiener
3326	snackie
3327	telegraph
3328	nelson
3329	head
3330	day
3331	exasperated
3332	karaoke_machine:
3333	square
3334	traditions
3335	ridiculous
3336	candidate
3337	mustard
3338	sorry
3339	beef
3340	done:
3341	royal
3342	plaster's
3343	savagely
3344	passes
3345	hemoglobin
3346	decency
3347	letter
3348	runt
3349	sale
3350	touched
3351	trashed
3352	100
3353	moe's
3354	ding-a-ding-ding-ding-ding-ding-ding
3355	getup
3356	dizzy
3357	singin'
3358	timbuk-tee
3359	out
3360	rid
3361	ha-ha
3362	somebody's
3363	windshield
3364	sucker
3365	winston
3366	when-i-get-a-hold-of-you
3367	behind
3368	ziff
3369	ambrosia
3370	tones
3371	detective
3372	facebook
3373	tapestry
3374	fools
3375	brothers
3376	low-life
3377	filthy
3378	dime
3379	har
3380	entirely
3381	rage
3382	smug
3383	fustigate
3384	caveman
3385	tradition
3386	pained
3387	total
3388	philosophic
3389	sissy
3390	freeze
3391	bye
3392	happens
3393	winnings
3394	heh-heh
3395	clothespins:
3396	station
3397	owner
3398	persia
3399	crestfallen
3400	bookie
3401	mom
3402	shard
3403	greatest
3404	ga
3405	mulder
3406	act
3407	cigars
3408	displeased
3409	eu
3410	wells
3411	whatever
3412	ape-like
3413	close
3414	cracked
3415	pissed
3416	ineffective
3417	whoa-ho
3418	princesses
3419	harvesting
3420	possibly
3421	celebrate
3422	warm_female_voice:
3423	poor
3424	what'sa
3425	text
3426	blooded
3427	ahhhh
3428	profiling
3429	patty_bouvier:
3430	fresco
3431	they
3432	grumpy
3433	betty:
3434	locked
3435	carl:
3436	ball-sized
3437	bo's
3438	so-called
3439	face-macer
3440	automobiles
3441	small
3442	soir
3443	dumbass
3444	teenage_homer:
3445	jackass
3446	c'mom
3447	colonel:
3448	ons
3449	grampa_simpson:
3450	showing
3451	kinds
3452	motto
3453	hiding
3454	points
3455	accidents
3456	rainier
3457	chipper
3458	mr
3459	holy
3460	'topes
3461	tyson/secretariat
3462	handsome
3463	killed
3464	incapable
3465	fury
3466	civil
3467	bedtime
3468	they've
3469	blows
3470	yo
3471	log
3472	burps
3473	forgiven
3474	western
3475	thoughtless
3476	appealing
3477	safecracker
3478	kwik-e-mart
3479	labor
3480	releases
3481	rekindle
3482	ought
3483	prints
3484	penny
3485	enjoyin'
3486	spiffin'
3487	multiple
3488	tender
3489	strong
3490	ignorant
3491	swig
3492	hat
3493	noble
3494	service
3495	soup
3496	moxie
3497	blurbs
3498	blind
3499	time
3500	taxi
3501	screams
3502	tonight
3503	oh
3504	bringin'
3505	tom
3506	judge_snyder:
3507	jubilation
3508	cure
3509	snapping
3510	dyin'
3511	sneeze
3512	duffman
3513	scent
3514	smokes
3515	drift
3516	cheers
3517	inspire
3518	applicant
3519	all:
3520	fastest
3521	heck
3522	bar:
3523	believe
3524	14
3525	coach:
3526	mister
3527	steal
3528	mcstagger's
3529	eatin'
3530	_timothy_lovejoy:
3531	alcoholic
3532	magic
3533	three-man
3534	bus
3535	occurrence
3536	way:
3537	disdainful
3538	vanities
3539	elephants
3540	a-a-b-b-a
3541	men
3542	pullin'
3543	cuz
3544	sir
3545	man_with_crazy_beard:
3546	brotherhood
3547	i've
3548	milhouse
3549	wham
3550	retain
3551	celebration
3552	fledgling
3553	cannoli
3554	oblivious
3555	puzzle
3556	250
3557	8
3558	wangs
3559	perch
3560	money's
3561	fat-free
3562	packets
3563	locklear
3564	advertising
3565	brakes
3566	rueful
3567	material
3568	diving
3569	accounta
3570	videotaped
3571	non-losers
3572	beatings
3573	_burns_heads:
3574	geez
3575	strain
3576	smelly
3577	shaggy
3578	stagehand:
3579	alright
3580	sat's
3581	admirer
3582	stole
3583	trucks
3584	and-and
3585	cheaped
3586	||comma_mark||
3587	filed
3588	itself
3589	mmm
3590	cecil
3591	roller
3592	robin
3593	unattractive
3594	remodel
3595	evil
3596	fourth
3597	havin'
3598	counting
3599	thirty-three
3600	charge
3601	aghast
3602	endorse
3603	nobel
3604	attach
3605	pink
3606	protestantism
3607	right-handed
3608	jelly
3609	least
3610	ragin'
3611	magazine
3612	bartending
3613	rosey
3614	disappointed
3615	gumbo
3616	i-i
3617	winces
3618	jazz
3619	teddy
3620	fudd
3621	barkeep
3622	johnny_carson:
3623	pin
3624	vampire
3625	soon
3626	y'see
3627	refiero
3628	mid-seventies
3629	employees
3630	art
3631	almost
3632	selma_bouvier:
3633	c'mere
3634	likes
3635	stained-glass
3636	always
3637	boxing_announcer:
3638	schnapps
3639	manage
3640	lurks
3641	terrible
3642	boneheaded
3643	der
3644	compressions
3645	fuzzlepitch
3646	bring
3647	official
3648	montrer
3649	pizzicato
3650	this
3651	engine
3652	wikipedia
3653	marvelous
3654	chorus:
3655	level
3656	settled
3657	blues
3658	forget-me-shot
3659	ingredient
3660	disgusted
3661	[year
3662	coaster
3663	sense
3664	sniffs
3665	they'd
3666	7g
3667	badge
3668	lowers
3669	homer_
3670	fill
3671	outrageous
3672	princess
3673	where
3674	fad
3675	how
3676	fallin'
3677	dignity
3678	ahem
3679	weight
3680	donut-shaped
3681	relax
3682	clone
3683	buffet
3684	aer
3685	couple
3686	chumbawamba
3687	ahhh
3688	bellyaching
3689	unable
3690	reminds
3691	jigger
3692	anything
3693	equal
3694	de-scramble
3695	_hooper:
3696	imported-sounding
3697	flaking
3698	trench
3699	rolling
3700	produce
3701	obvious
3702	caused
3703	distract
3704	skeptical
3705	can't-believe-how-bald-he-is
3706	attraction
3707	fella
3708	laid
3709	overflowing
3710	separator
3711	wa
3712	lawyer
3713	cops
3714	heather
3715	manipulation
3716	sympathetic
3717	dallas
3718	loaded
3719	verdict
3720	engraved
3721	toy
3722	supposed
3723	shortcomings
3724	couch
3725	beanbag
3726	luck
3727	dejected
3728	state
3729	cozies
3730	greedy
3731	infiltrate
3732	beats
3733	innocent
3734	solid
3735	must
3736	shag
3737	shrugs
3738	return
3739	lecture
3740	nick
3741	giggle
3742	papa
3743	teriyaki
3744	vomit
3745	brunch
3746	hopeful
3747	j
3748	fightin'
3749	champignons
3750	fork
3751	jerks
3752	leftover
3753	gayer
3754	talkative
3755	snatch
3756	sayin'
3757	prettied
3758	legal
3759	rings
3760	lifters
3761	teacup
3762	gossipy
3763	apology
3764	honored
3765	single
3766	irrelevant
3767	bets
3768	pope's
3769	shades
3770	punch
3771	ominous
3772	luckiest
3773	talk
3774	phony
3775	sturdy
3776	creepy
3777	england
3778	aristotle:
3779	symphonies
3780	purse
3781	poker
3782	ihop
3783	they're
3784	encouraging
3785	nigerian
3786	strains
3787	mellow
3788	recorded
3789	3rd_voice:
3790	l
3791	formico:
3792	cheer
3793	at
3794	warn
3795	sharing
3796	average
3797	brainiac
3798	say
3799	foundation
3800	carpet
3801	renee's
3802	grains
3803	hearing
3804	dawning
3805	lighting
3806	taste
3807	twenty-four
3808	nice
3809	tsking
3810	warily
3811	avenue
3812	musses
3813	gotta
3814	adrift
3815	deliberate
3816	gettin'
3817	due
3818	endorsement
3819	difference
3820	realized
3821	patron_#2:
3822	occupation
3823	grieving
3824	re-al
3825	beneath
3826	military
3827	discussing
3828	rom
3829	onto
3830	everyone
3831	anti-lock
3832	halloween
3833	stinger
3834	gabriel:
3835	broke
3836	flown
3837	forbidden
3838	choices:
3839	lookalikes
3840	dee-fense
3841	wantcha
3842	sugar-free
3843	type
3844	oblongata
3845	then
3846	thnord
3847	donation
3848	than
3849	room
3850	dishrag
3851	naively
3852	booze-bags
3853	sixty-five
3854	sticker
3855	eighteen
3856	mountain
3857	marriage
3858	virility
3859	meaningful
3860	minus
3861	high-definition
3862	interesting
3863	crunch
3864	duelin'
3865	tail
3866	releasing
3867	crap
3868	drinker
3869	declared
3870	slap
3871	aboard
3872	pipe
3873	raggin'
3874	carve
3875	flush-town
3876	isle
3877	unhappy
3878	cross-country
3879	wasted
3880	perón
3881	surprised
3882	flaming
3883	lungs
3884	buzz
3885	together
3886	learned
3887	fistiana
3888	campaign
3889	sunglasses
3890	disguised
3891	listening
3892	muscles
3893	charity
3894	sneering
3895	homie
3896	grease
3897	full-blooded
3898	terrace
3899	sighs
3900	party
3901	goods
3902	try
3903	dry
3904	rumor
3905	catty
3906	totally
3907	jerry
3908	stupidest
3909	mason
3910	giant
3911	deadly
3912	splash
3913	nonsense
3914	data
3915	conditioner
3916	||quotation_mark||
3917	nonchalant
3918	see
3919	tip
3920	eating
3921	boozehound
3922	snitch
3923	ninety-seven
3924	thorough
3925	absorbent
3926	kinda
3927	care
3928	stories
3929	helping
3930	two-drink
3931	convenient
3932	can
3933	easter
3934	david_byrne:
3935	d'ya
3936	mm
3937	mitts
3938	grudgingly
3939	replaced
3940	dipping
3941	nothin'
3942	shhh
3943	selling
3944	champion
3945	appreciate
3946	everything
3947	sleeping
3948	chained
3949	skinheads
3950	wowww
3951	clearing
3952	tv_father:
3953	sucking
3954	perking
3955	kept
3956	'bout
3957	sitcom
3958	sledge-hammer
3959	rims
3960	fights
3961	tap-pullin'
3962	demand
3963	hunger
3964	monroe
3965	spamming
3966	determined
3967	bill
3968	appointment
3969	thirty-thousand
3970	figured
3971	ecru
3972	prolonged
3973	twelve
3974	exhaust
3975	fiction
3976	what's
3977	whispers
3978	harder
3979	defected
3980	loved
3981	agent_miller:
3982	deeper
3983	smuggled
3984	influence
3985	what'd
3986	gift:
3987	penmanship
3988	troy_mcclure:
3989	breathtaking
3990	pfft
3991	gift
3992	buttons
3993	glass
3994	bender:
3995	appeals
3996	using
3997	narrator:
3998	wad
3999	photo
4000	disrobin'
4001	option
4002	funniest
4003	updated
4004	smoke
4005	freshened
4006	pronto
4007	disguise
4008	indecipherable
4009	spectacular
4010	roof
4011	libido
4012	world-class
4013	smelling
4014	dan
4015	hangout
4016	falsetto
4017	works
4018	henry
4019	real
4020	swear
4021	lotsa
4022	holds
4023	toms
4024	practice
4025	contemptuous
4026	nameless
4027	represent
4028	next
4029	doreen:
4030	obese
4031	handle
4032	paid
4033	louisiana
4034	waters
4035	whatchacallit
4036	bartenders
4037	choosin'
4038	country-fried
4039	luv
4040	doctor's
4041	janette
4042	breakdown
4043	fortress
4044	grants
4045	saget
4046	technical
4047	him
4048	pickle
4049	steampunk
4050	lugs
4051	mexicans
4052	seas
4053	congratulations
4054	stalin
4055	heart
4056	não
4057	stranger:
4058	inspection
4059	cage
4060	renew
4061	dressed
4062	reading:
4063	cletus_spuckler:
4064	friends
4065	finale
4066	enjoyed
4067	securities
4068	train
4069	multi-purpose
4070	lead
4071	quimby_#2:
4072	pardon
4073	loves
4074	begins
4075	recreate
4076	ancestors
4077	park
4078	ralphie
4079	meatpies
4080	lurleen_lumpkin:
4081	sister-in-law
4082	presumir
4083	stayin'
4084	scully
4085	sing-song
4086	ab
4087	woo-hoo
4088	radishes
4089	tonic
4090	jewish
4091	rice
4092	suicide
4093	misconstrue
4094	sub-monkeys
4095	guess
4096	ignoring
4097	lives
4098	underpants
4099	year
4100	nick's
4101	repeating
4102	tying
4103	cupid's
4104	coal
4105	innocence
4106	aren't
4107	barstools
4108	quietly
4109	liar
4110	brine
4111	gig
4112	yellow-belly
4113	employment
4114	sotto
4115	midge:
4116	unhook
4117	aiden
4118	feisty
4119	curiosity
4120	smugglers
4121	send
4122	comfortable
4123	booking
4124	erasers
4125	manboobs
4126	tolerable
4127	sippin'
4128	edna
4129	perfunctory
4130	ninety-eight
4131	meal
4132	little
4133	wagering
4134	mistake
4135	market
4136	morning-after
4137	index
4138	gunter:
4139	have
4140	alec_baldwin:
4141	predecessor
4142	edna_krabappel-flanders:
4143	scrutinizes
4144	contemplates
4145	assumed
4146	amazing
4147	awed
4148	safely
4149	bottomless
4150	error
4151	sheets
4152	poured
4153	fat
4154	gotcha
4155	man's_voice:
4156	stay
4157	mrs
4158	drove
4159	wuss
4160	okay
4161	affectations
4162	presto:
4163	completing
4164	she
4165	gave
4166	dilemma
4167	nervously
4168	cleanin'
4169	dames
4170	queer
4171	scanning
4172	bad
4173	trick
4174	pee
4175	drunkening
4176	tony
4177	accept
4178	their
4179	dear
4180	cocks
4181	cold
4182	broad
4183	conclusions
4184	play/
4185	jumps
4186	fire
4187	settlement
4188	bursts
4189	telemarketing
4190	rebuilt
4191	carl
4192	mostrar
4193	club
4194	distinct
4195	burger
4196	apart
4197	shape
4198	sometime
4199	bon-bons
4200	slays
4201	adult
4202	acquaintance
4203	g'ahead
4204	nominated
4205	stupidly
4206	befriend
4207	alive
4208	competitive
4209	'evening
4210	exchange
4211	scotch
4212	why
4213	she-pu
4214	ho-ly
4215	tv_husband:
4216	soaked
4217	longest
4218	stand
4219	there
4220	cliff
4221	plaintive
4222	genuinely
4223	short_man:
4224	hop
4225	nemo
4226	lenford
4227	affection
4228	sideshow_bob:
4229	instead
4230	tired
4231	irs
4232	koi
4233	composer
4234	s-a-u-r-c-e
4235	men's
4236	trenchant
4237	bubble
4238	rapidly
4239	character
4240	al_gore:
4241	voicemail
4242	sells
4243	yelling
4244	forty-seven
4245	trees
4246	join
4247	treats
4248	relative
4249	wholeheartedly
4250	wally:
4251	mount
4252	flush
4253	yeah
4254	movies
4255	cartoons
4256	worked
4257	hippies
4258	regretful
4259	switch
4260	touches
4261	cocktail
4262	universe
4263	rev
4264	walking
4265	changed
4266	pinchpenny
4267	abe
4268	heavyweight
4269	twelveball
4270	rancid
4271	hexa-
4272	emergency
4273	to
4274	contemporary
4275	yammering
4276	genius
4277	leathery
4278	funds
4279	bet
4280	dig
4281	fierce
4282	peppers
4283	write
4284	tooth
4285	egg
4286	british
4287	hellhole
4288	trunk
4289	letters
4290	laughing
4291	gel
4292	farthest
4293	everywhere
4294	knowing
4295	she'll
4296	dana_scully:
4297	get
4298	such
4299	thumb
4300	invisible
4301	ingested
4302	miserable
4303	weren't
4304	shtick
4305	i-i'm
4306	tipsy
4307	pen
4308	attempting
4309	maya
4310	wakede
4311	rights
4312	bathing
4313	delts
4314	hand
4315	payments
4316	teenage_barney:
4317	gentle
4318	buddha
4319	weak
4320	assent
4321	_zander:
4322	whatcha
4323	march
4324	funny
4325	s'cuse
4326	sunny
4327	ping-pong
4328	selection
4329	gloop
4330	health
4331	take
4332	who'll
4333	snaps
4334	young
4335	crystal
4336	gore
4337	worth
4338	eight
4339	faulkner
4340	stripes
4341	damn
4342	file
4343	plums
4344	temporarily
4345	presided
4346	goodnight
4347	nah
4348	donor
4349	bush
4350	espousing
4351	comic
4352	simpsons
4353	chinese
4354	co-sign
4355	joey
4356	batmobile
4357	family-owned
4358	insured
4359	handling
4360	seems
4361	unearth
4362	declan_desmond:
4363	sperm
4364	finish
4365	bobo
4366	superhero
4367	mug
4368	taylor
4369	femininity
4370	2
4371	bully
4372	cooking
4373	began
4374	catching
4375	recipe
4376	enjoys
4377	stink
4378	wish-meat
4379	look
4380	can'tcha
4381	so-ng
4382	nap
4383	might
4384	sheepish
4385	hammy
4386	increasingly
4387	grim
4388	potato
4389	huge
4390	short
4391	understand
4392	philip
4393	eighty-six
4394	collateral
4395	four
4396	good-looking
4397	misfire
4398	lipo
4399	blood
4400	orders
4401	and
4402	barney
4403	ninth
4404	romantic
4405	moe
4406	raccoons
4407	impatient
4408	older
4409	dance
4410	nooo
4411	pernt
4412	come
4413	hair
4414	wiggle-frowns
4415	ladies
4416	fletcherism
4417	oddest
4418	ends
4419	wallet
4420	managed
4421	awareness
4422	terrified
4423	whisper
4424	clock
4425	stripe
4426	exactly
4427	pathetic
4428	lushmore
4429	tropical
4430	speak
4431	risqué
4432	nature
4433	africa
4434	fifteen
4435	figure
4436	rules
4437	rash
4438	ladies'
4439	baseball
4440	closing
4441	english
4442	estranged
4443	kang:
4444	press
4445	about
4446	notices
4447	lady's
4448	backbone
4449	book
4450	amnesia
4451	chuck
4452	hunka
4453	dan_gillick:
4454	low
4455	kahlua
4456	county
4457	extra
4458	lobster-politans
4459	ad
4460	liftin'
4461	lay
4462	script
4463	sidekick
4464	pleading
4465	umm
4466	imitating
4467	cesss
4468	colossal
4469	elizabeth
4470	animals
4471	hoping
4472	ram
4473	sees
4474	sedaris
4475	stunned
4476	bartholomé:
4477	going
4478	startin'
4479	lily-pond
4480	super-genius
4481	aidens
4482	inserts
4483	alfalfa
4484	kindly
4485	feast
4486	julienne
4487	title:
4488	fighter
4489	office
4490	proudly
4491	yards
4492	clenched
4493	victorious
4494	teach
4495	neat
4496	renders
4497	punching
4498	nash
4499	gags
4500	including
4501	attend
4502	admiration
4503	self-esteem
4504	muertos
4505	stock
4506	boo
4507	fishin'
4508	carey
4509	prime
4510	half-day
4511	fantasy
4512	ingrates
4513	minutes
4514	spy
4515	sneak
4516	ain't
4517	agent
4518	following
4519	called
4520	shoe
4521	greystash
4522	coincidentally
4523	ballclub
4524	wussy
4525	raise
4526	relaxing
4527	teacher
4528	born
4529	lise:
4530	inclination
4531	youngsters
4532	the
4533	knocked
4534	plan
4535	dracula
4536	program
4537	pride
4538	workin'
4539	needy
4540	scared
4541	blocked
4542	frazier
4543	exquisite
4544	reaches
4545	hundred
4546	hilarious
4547	babies
4548	kid
4549	sitar
4550	mine
4551	nods
4552	kissing
4553	bashir's
4554	methinks
4555	bill_james:
4556	squabbled
4557	backing
4558	lose
4559	involving
4560	themselves
4561	fry
4562	ollie
4563	adopted
4564	luckily
4565	church
4566	dials
4567	getaway
4568	invite
4569	medical
4570	businessman_#1:
4571	spit-backs
4572	renovatin'
4573	photographer
4574	steely-eyed
4575	falling
4576	growing
4577	earrings
4578	elmer
4579	difficult
4580	criminal
4581	mild
4582	it:
4583	loathe
4584	castle
4585	yoink
4586	loser
4587	seen
4588	examines
4589	computer
4590	choked
4591	wooden
4592	captain:
4593	different
4594	pointedly
4595	margarita
4596	fustigation
4597	youse
4598	choked-up
4599	steinbrenner
4600	hell's
4601	drawn
4602	stinks
4603	permitting
4604	'pu
4605	arrested:
4606	published
4607	quimbys:
4608	limber
4609	foibles
4610	chuckle
4611	cummerbund
4612	chair
4613	milk
4614	germany
4615	_julius_hibbert:
4616	cats
4617	fountain
4618	love
4619	unison
4620	womb
4621	spyin'
4622	marched
4623	go
4624	lookin'
4625	parenting
4626	chub
4627	solved
4628	how'd
4629	barney's
4630	jobs
4631	die-hard
4632	theory
4633	enthusiasm
4634	cans
4635	reason
4636	rented
4637	remembering
4638	suffering
4639	wondering
4640	walks
4641	dads
4642	theatah
4643	glee
4644	macgregor
4645	alls
4646	glyco-load
4647	now
4648	beefs
4649	butts
4650	benjamin
4651	chief_wiggum:
4652	frozen
4653	asking
4654	tense
4655	hard
4656	versus
4657	ten
4658	doing
4659	boyfriend
4660	heartless
4661	dull
4662	wrote
4663	sympathy
4664	coms
4665	truck_driver:
4666	slight
4667	fatty
4668	tremendous
4669	found
4670	therapist
4671	key
4672	boisterous
4673	gallon
4674	nevada
4675	salary
4676	invulnerable
4677	sight-unseen
4678	column
4679	mabel
4680	full-time
4681	tab
4682	gentles
4683	army
4684	deacon
4685	week
4686	weirded-out
4687	torn
4688	desire
4689	keys
4690	bar-boy
4691	toxins
4692	dictating
4693	code
4694	frosty
4695	colorado
4696	contact
4697	depending
4698	inserted
4699	makes
4700	chipped
4701	smart
4702	faced
4703	family
4704	zero
4705	jeers
4706	compare
4707	measurements
4708	cab
4709	failed
4710	contract
4711	50-60
4712	foam
4713	detective_homer_simpson:
4714	bartender's
4715	proud
4716	stick
4717	more
4718	bide
4719	picnic
4720	parked
4721	forbids
4722	mini-beret
4723	snide
4724	boozer
4725	dna
4726	characteristic
4727	heads
4728	loudly
4729	majesty
4730	gunter
4731	uses
4732	coffee
4733	dumb
4734	busted
4735	bits
4736	simon
4737	shush
4738	how's
4739	myself
4740	news
4741	curds
4742	taps
4743	drawin'
4744	murderously
4745	cavern
4746	wolfcastle
4747	throw
4748	even
4749	absolut
4750	how're
4751	hate
4752	celeste
4753	sagely
4754	sniffles
4755	led
4756	tongue
4757	gunk
4758	'ere
4759	putting
4760	meyerhof
4761	correcting
4762	martini
4763	root
4764	gasoline
4765	thinking
4766	greatly
4767	graves
4768	aw
4769	hibbert
4770	notably
4771	pointing
4772	says
4773	value
4774	machine
4775	mushy
4776	bucks
4777	politicians
4778	supermodel
4779	that'll
4780	salad
4781	lifts
4782	defensive
4783	death
4784	mall
4785	unbelievable
4786	watered-down
4787	byrne
4788	landlord
4789	bannister
4790	movie
4791	expression
4792	billion
4793	bladder's
4794	kidneys
4795	wolveriskey
4796	enveloped
4797	groveling
4798	silent
4799	sweaty
4800	er
4801	choices
4802	christopher
4803	angrily
4804	replace
4805	her
4806	powerful
4807	lovelorn
4808	attention
4809	many
4810	archaeologist
4811	hmmmm
4812	frontrunner
4813	advance
4814	handler
4815	loafers
4816	reviews
4817	toys
4818	weirder
4819	grunt
4820	feels
4821	hank_williams_jr
4822	lenny's
4823	craft
4824	guiltily
4825	heatherton
4826	snout
4827	professional
4828	cause
4829	maggie
4830	mexican_duffman:
4831	ourselves
4832	mis-statement
4833	eyed
4834	addiction
4835	snort
4836	ol'
4837	test
4838	sobbing
4839	sorts
4840	texan
4841	wealthy
4842	kirk
4843	relationship
4844	adult_bart:
4845	||left_parentheses_mark||
4846	pointless
4847	plank's
4848	cola
4849	lorre
4850	sight
4851	studio
4852	balloon
4853	expose
4854	jesus
4855	eighty-one
4856	annus
4857	inspiring
4858	bank
4859	named
4860	veux
4861	audience
4862	othello
4863	burg
4864	partially
4865	ticket
4866	coyly
4867	prison
4868	du
4869	some
4870	covers
4871	mouse
4872	buds
4873	nards
4874	protesters
4875	chanting
4876	folks
4877	libraries
4878	moustache
4879	ads
4880	injury
4881	well
4882	knuckles
4883	fireball
4884	gas
4885	brag
4886	ah-ha
4887	chug-a-lug
4888	borrow
4889	kitchen
4890	enthused
4891	commit
4892	fraud
4893	hooky
4894	nightmare
4895	pocket
4896	scrubbing
4897	enabling
4898	rich
4899	skinny
4900	shark
4901	birth
4902	fwooof
4903	pills
4904	promised
4905	ma's
4906	chapstick
4907	sooner
4908	luxury
4909	please/
4910	dashes
4911	intakes
4912	president's
4913	world's
4914	fumes
4915	talk-sings
4916	lisa's
4917	squeeze
4918	red
4919	boys
4920	hats
4921	edelbrock
4922	impeach
4923	up-bup-bup
4924	row
4925	dead
4926	takin'
4927	tablecloth
4928	deli
4929	voice
4930	build
4931	gee
4932	decided
4933	delicately
4934	rewound
4935	gees
4936	capitalists
4937	spare
4938	stands
4939	thirty-five
4940	rub-a-dub
4941	rector
4942	1973
4943	plotz
4944	takes
4945	live
4946	director
4947	excuses
4948	tomahto
4949	suspended
4950	cars
4951	everyday
4952	bono:
4953	stuff
4954	stretch
4955	conversion
4956	paramedic:
4957	texas
4958	rain
4959	stagey
4960	mike_mills:
4961	completely
4962	curse
4963	fell
4964	fictional
4965	who-o-oa
4966	||semicolon_mark||
4967	bite
4968	fishing
4969	killing
4970	jack
4971	kid's
4972	anxious
4973	specialists
4974	match
4975	windowshade
4976	joining
4977	g'on
4978	smallest
4979	mickey
4980	fringe
4981	kemi:
4982	time's
4983	conditioning
4984	sue
4985	callin'
4986	whatchamacallit
4987	man'd
4988	chili
4989	ears
4990	tourist
4991	orgasmville
4992	hawkin'
4993	dirge-like
4994	elite
4995	potatoes
4996	ye
4997	quick
4998	prepared
4999	let
5000	utility
5001	crank
5002	practically
5003	stumble
5004	story
5005	fills
5006	others'
5007	dignified
5008	me
5009	chew
5010	hillbillies
5011	distaste
5012	lots
5013	dishonor
5014	adequate
5015	bumpy-like
5016	entrance
5017	duel
5018	legend
5019	ivy-covered
5020	scum-sucking
5021	just
5022	presses
5023	sec_agent_#2:
5024	jerk-ass
5025	photos
5026	complete
5027	wobble
5028	pantsless
5029	winner
5030	attached
5031	mother
5032	site
5033	abandon
5034	dispenser
5035	beligerent
5036	rolled
5037	connor
5038	poulet
5039	b-52's:
5040	mill
5041	kids'
5042	groan
5043	valley
5044	superior
5045	in
5046	starlets
5047	beer-dorf
5048	frustrated
5049	from
5050	arguing
5051	swan
5052	uglier
5053	burnin'
5054	negative
5055	issues
5056	brockelstein
5057	seek
5058	branding
5059	training
5060	kay
5061	peanut
5062	cronies
5063	starla's
5064	side:
5065	billiard
5066	brunswick
5067	attractive
5068	wishes
5069	bachelor
5070	badmouth
5071	strokkur
5072	poplar
5073	dying
5074	cursed
5075	which
5076	pirate
5077	surprising
5078	pontiff
5079	mole
5080	superdad
5081	manjula_nahasapeemapetilon:
5082	girl
5083	hit
5084	full-bodied
5085	acronyms
5086	draw
5087	empty
5088	ring
5089	raking
5090	same
5091	soundin'
5092	dammit
5093	grow
5094	collapse
5095	thirteen
5096	trustworthy
5097	screws
5098	elder
5099	ayyy
5100	birthplace
5101	ireland
5102	playoff
5103	cadillac
5104	p
5105	civilization
5106	someone's
5107	hours
5108	johnny
5109	compliments
5110	sanitary
5111	streetlights
5112	muhammad
5113	mtv's
5114	gut
5115	writin'
5116	effects
5117	quotes
5118	e-z
5119	orphan
5120	rafters
5121	begging
5122	city
5123	scornfully
5124	hospital
5125	kentucky
5126	hoax
5127	size
5128	gol-dangit
5129	single-mindedness
5130	disappointment
5131	lessee
5132	experience
5133	psst
5134	thirsty
5135	pretentious_rat_lover:
5136	already
5137	mix
5138	decide:
5139	links
5140	background
5141	ale
5142	chill
5143	ken:
5144	film
5145	decision
5146	william
5147	slab
5148	nicer
5149	smokin'_joe_frazier:
5150	positive
5151	'tis
5152	mechanical
5153	wrap
5154	dangerous
5155	passed
5156	cheerleaders:
5157	died
5158	pretending
5159	hems
5160	ever
5161	fragile
5162	kearney's_dad:
5163	moan
5164	rip-off
5165	avec
5166	poet
5167	concerned
5168	night
5169	fast-food
5170	lance
5171	poking
5172	loud
5173	stallin'
5174	annoying
5175	moment
5176	application
5177	ate
5178	poin-dexterous
5179	original
5180	91
5181	italian
5182	ebullient
5183	polenta
5184	fifth
5185	life-extension
5186	asses
5187	subject
5188	filled
5189	you're
5190	old
5191	evening
5192	courage
5193	lewis
5194	mind
5195	record
5196	lear
5197	clandestine
5198	clothes
5199	challengin'
5200	cop
5201	steamed
5202	knowingly
5203	smoothly
5204	gordon
5205	b
5206	average-looking
5207	plastered
5208	connor-politan
5209	fatso
5210	hispanic_crowd:
5211	jury
5212	religion
5213	quimby
5214	transylvania
5215	espn
5216	looks
5217	delicious
5218	buddies
5219	disturbing
5220	sour
5221	fausto
5222	comedies
5223	eddie
5224	sweetheart
5225	handwriting's
5226	sips
5227	based
5228	freak
5229	adeleine
5230	i'm
5231	carl_carlson:
5232	arse
5233	friend's
5234	apu_nahasapeemapetilon:
5235	honeys
5236	aggie
5237	paying
5238	dejected_barfly:
5239	nigel_bakerbutcher:
5240	bid
5241	guessing
5242	consciousness
5243	explaining
5244	cleveland
5245	y
5246	bloodball
5247	shakespeare
5248	these
5249	strolled
5250	agent_johnson:
5251	andy
5252	breakin'
5253	underbridge
5254	boxing
5255	sexton
5256	olive
5257	offended
5258	friendship
5259	exhibit
5260	'til
5261	sunday
5262	heliotrope
5263	lainie:
5264	maggie's
5265	lists
5266	clips
5267	rentin'
5268	aquafresh
5269	popping
5270	y'know
5271	_eugene_blatz:
5272	ne
5273	powered
5274	frogs
5275	space
5276	disappeared
5277	schedule
5278	milhouses
5279	neil_gaiman:
5280	grandmother
5281	meaning
5282	swimming
5283	one
5284	mice
5285	polite
5286	boring
5287	elves:
5288	meanin'
5289	pays
5290	mags
5291	proves
5292	seamstress
5293	per
5294	gruff
5295	administration
5296	seething
5297	focused
5298	lenses
5299	partner
5300	butterball
5301	smitty:
5302	committing
5303	drive
5304	funeral
5305	slaves
5306	bottles
5307	jams
5308	investigating
5309	solo
5310	duh
5311	graveyard
5312	s'okay
5313	worse
5314	sail
5315	skydiving
5316	peabody
5317	alien
5318	grammys
5319	frankenstein
5320	si-lent
5321	yes
5322	fires
5323	tinklin'
5324	moe-ron
5325	floatin'
5326	clap
5327	raising
5328	tomorrow
5329	mediterranean
5330	readin'
5331	sixty
5332	pity
5333	tidy
5334	diets
5335	foil
5336	here-here-here
5337	cigarettes
5338	jeff_gordon:
5339	hustle
5340	awww
5341	barney-guarding
5342	slightly
5343	certainly
5344	champ
5345	smiling
5346	billy_the_kid:
5347	check
5348	snow
5349	softer
5350	xx
5351	bit
5352	move
5353	||question_mark||
5354	modern
5355	energy
5356	taught
5357	fortensky
5358	society_matron:
5359	fritz
5360	cable
5361	stewart
5362	child
5363	whaaaa
5364	youuu
5365	intention
5366	dreamy
5367	eat
5368	sadder
5369	pridesters:
5370	hampstead-on-cecil-cecil
5371	classy
5372	beings
5373	korea
5374	prejudice
5375	foodie
5376	disappointing
5377	lou
5378	sickly
5379	knuckle-dragging
5380	streetcorner
5381	hunter
5382	black
5383	statistician
5384	satisfied
5385	sideshow
5386	kemi
5387	swigmore
5388	feet
5389	bed
5390	sloppy
5391	o'clock
5392	wedding
5393	donatin'
5394	mcbain
5395	kicked
5396	pull
5397	mistresses
5398	associate
5399	watched
5400	afterglow
5401	could've
5402	liser
5403	'em
5404	mocking
5405	pickled
5406	renee:
5407	barter
5408	month
5409	fox
5410	paint
5411	brain-switching
5412	homeland
5413	pop
5414	ancient
5415	eve
5416	aerosmith
5417	launch
5418	watching
5419	vengeance
5420	buttocks
5421	strategy
5422	yelp
5423	example
5424	apu
5425	stairs
5426	dollars
5427	sec
5428	nose
5429	glamour
5430	frink-y
5431	valentine's
5432	kirk_voice_milhouse:
5433	sexual
5434	hangover
5435	belt
5436	mmmmm
5437	clearly
5438	lime
5439	shall
5440	hers
5441	wenceslas
5442	hot
5443	hear
5444	knew
5445	wobbly
5446	advice
5447	unsanitary
5448	larry's
5449	lee
5450	involved
5451	pigtown
5452	hottest
5453	make
5454	raggie
5455	'now
5456	whoopi
5457	kearney_zzyzwicz:
5458	community
5459	innocuous
5460	introduce
5461	competing
5462	score
5463	delivery
5464	degradation
5465	let's
5466	fourteen:
5467	astronaut
5468	blank
5469	fanciest
5470	said
5471	catch-phrase
5472	eh
5473	woo
5474	haiti
5475	besides
5476	oooh
5477	cowardly
5478	suck
5479	true
5480	flips
5481	dealt
5482	punches
5483	blame
5484	raining
5485	without
5486	aziz
5487	alibi
5488	golden
5489	ready
5490	trust
5491	tavern
5492	sacrilicious
5493	payday
5494	whaddaya
5495	bleacher
5496	knows
5497	rest
5498	worry
5499	bugging
5500	isn't
5501	grrrreetings
5502	whale
5503	squeezed
5504	food
5505	triple-sec
5506	reader
5507	louder
5508	boxcars
5509	united
5510	wiggum
5511	sensible
5512	woooooo
5513	thesaurus
5514	somewhere
5515	intruding
5516	savings
5517	grienke
5518	built
5519	duke
5520	heading
5521	astronauts
5522	clancy's
5523	pudgy
5524	haw
5525	obama
5526	maxed
5527	alley
5528	nurse
5529	north
5530	safer
5531	spooky
5532	wino's
5533	idiot
5534	ninety-six
5535	curious
5536	uncomfortable
5537	bob
5538	face
5539	barbed
5540	placing
5541	jeff
5542	the_edge:
5543	sidelines
5544	limits
5545	fire_inspector:
5546	swelling
5547	uh
5548	wok
5549	rupert_murdoch:
5550	producers
5551	runs
5552	strangles
5553	bar_rag:
5554	h
5555	brainheaded
5556	able
5557	idea's
5558	nobody
5559	tramp's
5560	radiator
5561	hiring
5562	little_man:
5563	singing/pushing
5564	villanova
5565	refreshment
5566	herself
5567	asked
5568	opening
5569	shaved
5570	hired
5571	don'tcha
5572	team's
5573	takeaway
5574	paintings
5575	sizes
5576	seductive
5577	swimmers
5578	inexorable
5579	tribute
5580	box
5581	lovers'
5582	support
5583	prank
5584	betcha
5585	homesick
5586	lisa_simpson:
5587	someday
5588	countryman
5589	fly
5590	nachos
5591	bedbugs
5592	will
5593	squirrel
5594	guns
5595	long
5596	lodge
5597	portfolium
5598	measure
5599	ear
5600	quarterback
5601	yet
5602	grocery
5603	w-a-3-q-i-zed
5604	microphone
5605	browns
5606	betsy'll
5607	sieben-gruben
5608	doubt
5609	ideal
5610	closer
5611	there's
5612	remembered
5613	answer
5614	hike
5615	dash
5616	plans
5617	belch
5618	wayne:
5619	forward
5620	swishifyin'
5621	poetry
5622	slobbo
5623	waylon
5624	accident
5625	legoland
5626	suing
5627	punishment
5628	reserved
5629	cheery
5630	forget-me-drinks
5631	theme
5632	ho
5633	light
5634	quit
5635	beyond
5636	blur
5637	shill
5638	whee
5639	trapping
5640	maude
5641	notch
5642	factor
5643	buyin'
5644	devastated
5645	swallowed
5646	nauseous
5647	panicky
5648	syrup
5649	dunno
5650	daddy
5651	perfect
5652	self-made
5653	domestic
5654	safety
5655	judgments
5656	repay
5657	recruiter
5658	dreamily
5659	fans'll
5660	moonlight
5661	leans
5662	freaky
5663	magnanimous
5664	gulps
5665	table
5666	capitol
5667	mathis
5668	famous
5669	hilton
5670	arrest
5671	eww
5672	buffalo
5673	plain
5674	squishee
5675	nuclear
5676	friction
5677	eager
5678	errrrrrr
5679	stupid
5680	artie
5681	starters
5682	voice_on_transmitter:
5683	para
5684	question
5685	severe
5686	ruined
5687	smithers
5688	badges
5689	pause
5690	had
5691	himself
5692	wife-swapping
5693	through
5694	quebec
5695	eyeballs
5696	loss
5697	squirrels
5698	ummmmmmmmm
5699	impending
5700	puttin'
5701	gin-slingers
5702	marmaduke
5703	steak
5704	finest
5705	thrust
5706	presents
5707	stillwater:
5708	medieval
5709	looked
5710	drink
5711	stengel
5712	you've
5713	faiths
5714	snap
5715	highball
5716	bought
5717	swell
5718	noggin
5719	vodka
5720	insults
5721	ails
5722	watered
5723	nordiques
5724	tsk
5725	frescas
5726	dumptruck
5727	chubby
5728	intoxicants
5729	west
5730	gum
5731	zack
5732	detecting
5733	books
5734	bear
5735	future
5736	weekend
5737	bail
5738	lindsay_naegle:
5739	grammar
5740	joey_kramer:
5741	internet
5742	snake_jailbird:
5743	sweetest
5744	swamp
5745	coast
5746	japanese
5747	whup
5748	padre
5749	rationalizing
5750	ride
5751	smackin'
5752	stopped
5753	my
5754	monorails
5755	cannot
5756	disposal
5757	ralph
5758	naegle
5759	defeated
5760	cobbling
5761	vicious
5762	need
5763	meeting
5764	murdoch
5765	kill
5766	early
5767	g'night
5768	sang
5769	mamma
5770	thanking
5771	strongly
5772	mortgage
5773	items
5774	michael_stipe:
5775	nightmares
5776	tomatoes
5777	santa's
5778	plants
5779	homunculus
5780	specified
5781	complaint
5782	eminence
5783	on
5784	loboto-moth
5785	_marvin_monroe:
5786	eggs
5787	tomato
5788	glitterati
5789	oughta
5790	pictured
5791	murmurs
5792	i'unno
5793	crumble
5794	yellow
5795	milhouse_van_houten:
5796	dealer
5797	blowin'
5798	table's
5799	6
5800	sustain
5801	camp
5802	tempting
5803	reactions
5804	elocution
5805	unfortunately
5806	fendin'
5807	&
5808	aside
5809	put
5810	zone
5811	tries
5812	struggling
5813	handoff
5814	pussycat
5815	jimmy
5816	poison
5817	thought_bubble_lenny:
5818	class
5819	manatee
5820	person
5821	occasion
5822	poke
5823	briefly
5824	carney
5825	cat's
5826	brave
5827	exits
5828	private
5829	delightful
5830	pasta
5831	cut
5832	shriners
5833	burt_reynolds:
5834	crotch
5835	case
5836	formico
5837	white
5838	eliminate
5839	over-pronouncing
5840	airport
5841	turlet
5842	it
5843	consoling
5844	beer:
5845	bon
5846	bloodiest
5847	presidents
5848	convinced
5849	wacky
5850	washin'
5851	divorced
5852	buying
5853	judges
5854	'
5855	woman
5856	swishkabobs
5857	donut
5858	bars
5859	louie:
5860	cruise
5861	rush
5862	show-off
5863	touch
5864	dreary
5865	sesame
5866	pipes
5867	sponge:
5868	waltz
5869	top
5870	violin
5871	bumped
5872	extended
5873	shack
5874	boy
5875	celebrity
5876	when
5877	show
5878	insecure
5879	victory
5880	fruit
5881	compromise:
5882	eyeing
5883	grandmother's
5884	gotten
5885	startled
5886	joking
5887	package
5888	looking
5889	jimbo's_dad:
5890	one's
5891	ripper
5892	later
5893	wayne
5894	showed
5895	tease
5896	election
5897	madman
5898	pretty
5899	dank
5900	fist
5901	mindless
5902	vacations
5903	barney-shaped_form:
5904	supports
5905	dough
5906	common
5907	fight
5908	bar
5909	jacks
5910	ripped
5911	hidden
5912	derisive
5913	neighbor
5914	routine
5915	driveability
5916	mail
5917	padres
5918	reality
5919	hears
5920	wife's
5921	customers
5922	wh
5923	ehhhhhhhh
5924	parents
5925	||exclamation_mark||
5926	informant
5927	november
5928	industry
5929	lot
5930	never
5931	astonishment
5932	village
5933	wittgenstein
5934	hurting
5935	steaming
5936	super-tough
5937	hell
5938	remember
5939	pages
5940	flame
5941	excitement
5942	wrong
5943	tied
5944	happen
5945	brusque
5946	shaker
5947	indeedy
5948	commanding
5949	throwing
5950	ma
5951	telling
5952	cover
5953	ned_flanders:
5954	resenting
5955	len-ny
5956	what
5957	gorgeous
5958	exultant
5959	shyly
5960	diapers
5961	ze-ro
5962	ordered
5963	cousin
5964	aid
5965	dirt
5966	resist
5967	strap
5968	leavin'
5969	heave-ho
5970	trouble
5971	sector
5972	he
5973	squadron
5974	omit
5975	flophouse
5976	gibson
5977	blew
5978	beauty
5979	anywhere
5980	socialize
5981	door
5982	malted
5983	incarcerated
5984	for
5985	music
5986	conspiratorial
5987	hollywood
5988	maybe
5989	viva
5990	saw
5991	civic
5992	supplying
5993	kissingher
5994	video
5995	sabermetrics
5996	meteor
5997	murdered
5998	polygon
5999	owes
6000	bowie
6001	feel
6002	dimwit's
6003	hosting
6004	municipal
6005	upsetting
6006	experiments
6007	morlocks
6008	tracks
6009	all-all-all
6010	keep
6011	alternative
6012	arm-pittish
6013	feld
6014	appendectomy
6015	temples
6016	kinderhook
6017	'er
6018	twerpy
6019	hockey-fight
6020	lobster
6021	coughs
6022	liable
6023	mel
6024	blinds
6025	o
6026	daaaaad
6027	huhza
6028	host
6029	naturally
6030	complaining
6031	did
6032	fonzie
6033	upbeat
6034	'n'
6035	carmichael
6036	oughtta
6037	anguished
6038	supply
6039	saga
6040	amiable
6041	sprawl
6042	helps
6043	santeria
6044	blobbo
6045	football's
6046	reunion
6047	overhearing
6048	no
6049	valuable
6050	sisters
6051	poorer
6052	spit
6053	anyone
6054	casting
6055	faceful
6056	old-time
6057	-ry
6058	brace
6059	lately
6060	message
6061	cheryl
6062	realizing
6063	subscriptions
6064	son
6065	wash
6066	stacey
6067	dazed
6068	lovejoy
6069	haikus
6070	salvador
6071	mouths
6072	gentlemen
6073	blissful
6074	warned
6075	cheesecake
6076	focus
6077	additional-seating-capacity
6078	choke
6079	dog
6080	lizard
6081	lips
6082	oil
6083	bird
6084	brooklyn
6085	icy
6086	mouth
6087	nigeria
6088	understanding
6089	cuckoo
6090	rubbed
6091	gheet
6092	lease
6093	fail
6094	fans
6095	student
6096	spied
6097	donuts
6098	unfresh
6099	ford
6100	beer
6101	two-thirds-empty
6102	chunk
6103	dies
6104	senators:
6105	prince
6106	lloyd:
6107	step
6108	f-l-a-n-r-d-s
6109	slaps
6110	four-drink
6111	better
6112	stalwart
6113	bread
6114	stars
6115	new
6116	suit
6117	fellas
6118	quero
6119	fast
6120	body
6121	microwave
6122	young_marge:
6123	helen
6124	breathalyzer
6125	bell
6126	cocking
6127	breathless
6128	tiger
6129	aging
6130	well-wisher
6131	yap
6132	extract
6133	grin
6134	majority
6135	researching
6136	vigilante
6137	uh-huh
6138	mo'
6139	indifference
6140	scientific
6141	applesauce
6142	bachelorhood
6143	habitrail
6144	natural
6145	perplexed
6146	boned
6147	hurts
6148	tale
6149	round's
6150	nos
6151	krusty
6152	ali
6153	anonymous
6154	broom
6155	mary
6156	shred
6157	bake
6158	spits
6159	finishing
6160	palmerston
6161	fence
6162	guzzles
6163	plucked
6164	shutup
6165	chauffeur
6166	clincher
6167	position
6168	vehicle
6169	mini-dumpsters
6170	too
6171	disappear
6172	place
6173	police
6174	rumaki
6175	proposition
6176	darn
6177	sleep
6178	_babcock:
6179	worthless
6180	challenge
6181	whining
6182	apron
6183	drederick
6184	cotton
6185	ugly
6186	stirring
6187	venom
6188	covering
6189	owe
6190	cow
6191	mad
6192	ned
6193	skin
6194	cents
6195	work
6196	german
6197	before
6198	hobo's
6199	paper
6200	itchy
6201	scout
6202	ew
6203	canoodling
6204	dessert
6205	puke
6206	x-men
6207	sharps
6208	lachrymose
6209	be-stainèd
6210	find
6211	mumble
6212	something
6213	advantage
6214	action
6215	woe:
6216	actress
6217	yourself
6218	loan
6219	calm
6220	successful
6221	up
6222	lemonade
6223	nerve
6224	plum
6225	not
6226	la
6227	fan
6228	threw
6229	sweeter
6230	tv_announcer:
6231	needs
6232	safe
6233	ralph_wiggum:
6234	hug
6235	partners
6236	walther
6237	worried
6238	corpses
6239	placed
6240	buy
6241	kako:
6242	improv
6243	coma
6244	newsies
6245	cattle
6246	pair
6247	chip
6248	pro
6249	weep
6250	series
6251	boozebag
6252	furniture
6253	gary:
6254	capuchin
6255	thank
6256	moe_recording:
6257	boozy
6258	window
6259	candles
6260	senator
6261	finance
6262	phasing
6263	ladder
6264	mexican
6265	whoa
6266	righ
6267	faith
6268	someone
6269	cash
6270	dizer
6271	sit
6272	customer
6273	blob
6274	bag
6275	cuff
6276	pint
6277	foolin'
6278	examples
6279	jeter
6280	housing
6281	chicken
6282	explain
6283	share
6284	soakin's
6285	outside
6286	chuckles
6287	novelty
6288	wind
6289	julep
6290	incriminating
6291	meditative
6292	followed
6293	hurry
6294	bills
6295	macho
6296	thinkin'
6297	listen
6298	britannia
6299	palm
6300	ahh
6301	dyspeptic
6302	form
6303	micronesian
6304	patient
6305	nickel
6306	liver
6307	noises
6308	backwards
6309	abusive
6310	grunts
6311	pus-bucket
6312	appalled
6313	department's
6314	2nd_voice_on_transmitter:
6315	labels
6316	general
6317	email
6318	king
6319	this:
6320	inflated
6321	krusty_the_clown:
6322	somethin's
6323	understood
6324	amber_dempsey:
6325	buried
6326	whatsit
6327	absentmindedly
6328	die
6329	helicopter
6330	rocks
6331	read
6332	chewin'
6333	keeping
6334	chuckling
6335	science
6336	holiday
6337	lenny
6338	guff
6339	jer
6340	corn
6341	refund
6342	america's
6343	piano
6344	planning
6345	careful
6346	pageant
6347	boggs
6348	justice
6349	doctor
6350	moving
6351	chow
6352	ugliest
6353	coffee'll
6354	lobster-based
6355	confidence
6356	been
6357	times
6358	i'd
6359	spread
6360	decadent
6361	normal
6362	singer
6363	groans
6364	contented
6365	soft
6366	call
6367	deal
6368	emporium
6369	sobs
6370	where'd
6371	incognito
6372	norway
6373	turned
6374	jamaican
6375	relaxed
6376	theater
6377	tv's
6378	massage
6379	in-ground
6380	blimp
6381	sold
6382	hubub
6383	geysir
6384	sober
6385	expense
6386	app
6387	friend:
6388	insulted
6389	dennis_conroy:
6390	fall
6391	nelson_muntz:
6392	pats
6393	bugs
6394	bart's
6395	1895
6396	coupon
6397	keeps
6398	senators
6399	order
6400	yep
6401	roll
6402	stop
6403	grey
6404	gentleman's
6405	radical
6406	kisser
6407	sauce
6408	lottery
6409	clears
6410	unlucky
6411	grinch
6412	tactful
6413	tiny
6414	lanes
6415	hi
6416	anti-intellectualism
6417	burglary
6418	horribilis
6419	price
6420	omigod
6421	clean
6422	cuckold's
6423	anderson
6424	vincent
6425	job
6426	bart
6427	cent
6428	reward
6429	is:
6430	exception:
6431	treat
6432	secrets
6433	passports
6434	laney
6435	humanity
6436	bothered
6437	a-lug
6438	cock
6439	bold
6440	teenage_bart:
6441	problems
6442	therefore
6443	knock
6444	granted
6445	crummy
6446	knock-up
6447	stab
6448	adjourned
6449	crawlin'
6450	heals
6451	firing
6452	bullet-proof
6453	inspector
6454	won
6455	citizens
6456	extremely
6457	pulled
6458	burnside
6459	tinkle
6460	reporter
6461	reynolds
6462	kadlubowski
6463	stationery
6464	hoagie
6465	burn
6466	desperate
6467	pulls
6468	savvy
6469	problem
6470	suburban
6471	information
6472	yogurt
6473	drapes
6474	smooth
6475	starving
6476	bowling
6477	thoughts
6478	warning
6479	chug
6480	heroism
6481	fantastic
6482	honey
6483	las
6484	thought_bubble_homer:
6485	grandé
6486	alphabet
6487	ma'am
6488	fired
6489	guttural
6490	beards
6491	inanely
6492	increased
6493	staying
6494	crowds
6495	cupid
6496	us
6497	space-time
6498	cueball
6499	peter_buck:
6500	haplessly
6501	parasol
6502	business
6503	mistakes
6504	george
6505	career
6506	tasty
6507	protesting
6508	gimmicks
6509	hoped
6510	went
6511	ivanna
6512	knockin'
6513	mines
6514	düff
6515	crew
6516	cost
6517	punkin
6518	rascals
6519	image
6520	girl-bart
6521	hobo
6522	oooo
6523	cheap
6524	moved
6525	website
6526	cream
6527	sings
6528	whaaa
6529	courthouse
6530	americans
6531	phone's
6532	customers-slash-only
6533	tenor:
6534	available
6535	shoes
6536	repressed
6537	ref
6538	slot
6539	rife
6540	op
6541	filth
6542	quick-like
6543	guys
6544	rabbits
6545	wife
6546	speaking
6547	highest
6548	cobra
6549	everyone's
6550	patron_#1:
6551	marguerite:
6552	sampler
6553	wanted
6554	plow
6555	heaving
6556	driving
6557	wigs
6558	botanical
6559	teenage
6560	this'll
6561	ohh
6562	painless
6563	prompting
6564	wearin'
6565	lame
6566	coward
6567	failure
6568	toot's
6569	clear
6570	deny
6571	husband
6572	sure
6573	attack
6574	cleaning
6575	big
6576	phone
6577	bad-mouth
6578	flag
6579	attitude
6580	occurred
6581	i'll
6582	seconds
6583	mayor
6584	acceptance
6585	channel
6586	gasps
6587	sigh
6588	intervention
6589	teen
6590	bottoms
6591	groin
6592	meanwhile
6593	rickles
6594	disgraceful
6595	530
6596	england's
6597	nascar
6598	loyal
6599	moe-heads
6600	love-matic
6601	history
6602	kidnaps
6603	he'd
6604	dumbbell
6605	finished
6606	flustered
6607	joint
6608	allowed
6609	clipped
6610	wears
6611	rockers
6612	barkeeps
6613	incredulous
6614	zeal
6615	tester
6616	i-i-i
6617	imaginary
6618	aunt
6619	like
6620	roz
6621	droning
6622	pitcher
6623	apply
6624	spoken
6625	patrons
6626	wreck
6627	malibu
6628	poisonin'
6629	promise
6630	glitz
6631	consider
6632	turkey
6633	blinded
6634	reptile
6635	treatin'
6636	cutest
6637	tell
6638	open
6639	hangin'
6640	aged
6641	crimes
6642	lifetime
6643	klingon
6644	heartily
6645	freed
6646	moon
6647	swe-ee-ee-ee-eet
6648	clown
6649	familiar
6650	discuss
6651	situation
6652	poundin'
6653	birthday
6654	sponsor
6655	beating
6656	escort
6657	run
6658	bouquet
6659	waking-up
6660	scene
6661	leno
6662	mess
6663	stabbin'
6664	brother-in-law
6665	tax
6666	designated
6667	authenticity
6668	cushions
6669	rope
6670	brown
6671	side
6672	justify
6673	referee
6674	hooters
6675	lloyd
6676	oils
6677	booth
6678	book_club_member:
6679	what'll
6680	invited
6681	simpson
6682	woulda
6683	radiation
6684	held
6685	mic
6686	michelin
6687	enforced
6688	amid
6689	chapel
6690	concentrate
6691	eye
6692	squashing
6693	doll
6694	tick
6695	last
6696	instrument
6697	blackjack
6698	lager
6699	charlie
6700	mopin'
6701	meals
6702	men:
6703	calmly
6704	meaningfully
6705	highway
6706	polls
6707	label
6708	yesterday
6709	far
6710	round
6711	denser
6712	fbi_agent:
6713	nibble
6714	hmmm
6715	©
6716	giggles
6717	environment
6718	mudflap
6719	drinking
6720	thinks
6721	eurotrash
6722	gentleman:
6723	glove
6724	legally
6725	frankie
6726	agh
6727	helpful
6728	albeit
6729	danny
6730	please
6731	recently
6732	brow
6733	reserve
6734	cowboys
6735	th
6736	caricature
6737	name
6738	mariah
6739	weird
6740	statue
6741	tv-station_announcer:
6742	forever
6743	plywood
6744	tons
6745	middle
6746	pit
6747	between
6748	nfl_narrator:
6749	mommy
6750	unless
6751	boxer:
6752	statues
6753	it'd
6754	fun's
6755	states
6756	sing
6757	rafter
6758	honor
6759	i
6760	$42
6761	telephone
6762	humiliation
6763	forehead
6764	fabulous
6765	naval
6766	rainbows
6767	water
6768	whoops
6769	somethin'
6770	rotch
6771	got
6772	malfeasance
6773	eats
6774	tubman
6775	kazoo
6776	pay
6777	sent
6778	comment
6779	speech
6780	showered
6781	layer
6782	stretches
